season,team,g,opp_fg,opp_fga,opp_fg3,opp_fg3a,opp_ft,opp_fta,opp_orb,opp_drb,opp_trb,opp_ast,opp_stl,opp_blk,opp_tov,opp_pf,opp_pts
1980,"Atlanta Hawks",82,3144,6872,46,183,2000,2616,1261,2339,3600,1758,682,554,1660,2171,8334
1980,"Portland Trail Blazers",82,3349,7008,55,186,1716,2281,1138,2358,3496,2008,756,395,1450,1880,8469
1980,"Seattle SuperSonics",82,3408,7424,59,240,1640,2147,1203,2409,3612,2016,728,393,1519,1997,8515
1980,"Philadelphia 76ers",82,3444,7561,75,277,1640,2145,1318,2352,3670,2089,876,388,1561,2100,8603
1980,"Kansas City Kings",82,3328,6992,41,172,1906,2497,1140,2644,3784,1778,695,425,1762,2072,8603
1980,"Boston Celtics",82,3439,7313,74,259,1712,2222,1168,2294,3462,1867,686,419,1635,2059,8664
1980,"Milwaukee Bucks",82,3456,7487,76,305,1714,2275,1360,2293,3653,2154,717,358,1638,1912,8702
1980,"Phoenix Suns",82,3563,7480,100,297,1593,2119,1216,2447,3663,2026,882,389,1663,2051,8819
1980,"Golden State Warriors",82,3438,6975,72,219,1905,2544,1056,2564,3620,2091,720,361,1486,1785,8853
1980,"Utah Jazz",82,3559,7182,67,211,1702,2205,1159,2288,3447,1997,710,398,1274,1782,8887
1980,"Los Angeles Lakers",82,3723,7921,78,274,1430,1884,1312,2242,3554,2324,797,382,1420,1860,8954
1980,"New Jersey Nets",82,3480,7427,58,208,1957,2572,1285,2596,3881,2189,849,514,1692,2042,8975
1980,"Washington Bullets",82,3615,7771,56,214,1696,2184,1197,2672,3869,2120,734,519,1222,1901,8982
1980,"Chicago Bulls",82,3585,7222,54,199,1811,2358,1159,2345,3504,2109,846,498,1543,2203,9035
1980,"Houston Rockets",82,3658,7382,58,215,1696,2153,1290,2317,3607,2223,778,428,1597,2049,9070
1980,"San Diego Clippers",82,3752,7508,43,187,1613,2086,1222,2487,3709,2012,764,408,1391,1889,9160
1980,"Indiana Pacers",82,3693,7545,56,228,1734,2295,1394,2552,3946,2323,738,470,1758,2028,9176
1980,"Denver Nuggets",82,3736,7591,70,214,1698,2235,1197,2587,3784,2289,812,455,1438,2033,9240
1980,"Cleveland Cavaliers",82,3811,7610,65,223,1645,2150,1230,2638,3868,2208,708,490,1667,2033,9332
1980,"New York Knicks",82,3707,7492,55,198,1969,2556,1293,2432,3725,2143,813,390,1694,2042,9438
1980,"Detroit Pistons",82,3847,7761,57,206,1858,2405,1319,2572,3891,2306,874,470,1583,1871,9609
1980,"San Antonio Spurs",82,4000,7997,88,288,1731,2283,1248,2472,3720,2537,828,457,1513,2192,9819
1981,"Philadelphia 76ers",82,3307,7337,48,200,1850,2487,1286,2287,3573,2033,818,379,1642,2044,8512
1981,"Boston Celtics",82,3372,7296,30,139,1752,2277,1192,2174,3366,1890,736,351,1473,2059,8526
1981,"Phoenix Suns",82,3368,7221,69,209,1762,2383,1160,2284,3444,1970,912,401,1752,2116,8567
1981,"Washington Bullets",82,3518,7491,37,176,1588,2161,1204,2638,3842,2060,739,469,1410,1888,8661
1981,"Seattle SuperSonics",82,3453,7421,42,157,1718,2323,1247,2357,3604,2044,747,387,1348,2044,8666
1981,"Milwaukee Bucks",82,3311,7220,35,199,2023,2701,1265,2209,3474,2033,735,400,1670,2050,8680
1981,"Detroit Pistons",82,3499,6869,31,127,1663,2217,1090,2396,3486,2033,793,585,1797,2095,8692
1981,"Indiana Pacers",82,3457,7071,41,179,1757,2290,1246,2407,3653,2113,695,439,1655,2064,8712
1981,"New York Knicks",82,3555,7092,43,172,1563,2082,1147,2457,3604,2088,689,452,1660,1994,8716
1981,"Kansas City Kings",82,3424,7117,31,153,1889,2500,1138,2510,3648,1857,717,383,1520,2015,8768
1981,"Chicago Bulls",82,3527,7209,52,223,1669,2211,1145,2096,3241,1950,784,441,1502,2135,8775
1981,"Utah Jazz",82,3430,7018,45,147,1879,2472,1154,2440,3594,1985,596,406,1303,1855,8784
1981,"Los Angeles Lakers",82,3581,7701,42,184,1598,2158,1378,2274,3652,2280,754,357,1473,1869,8802
1981,"Houston Rockets",82,3617,7341,49,171,1568,2108,1177,2367,3544,2191,689,367,1430,1977,8851
1981,"Atlanta Hawks",82,3401,6867,32,152,2024,2641,1207,2318,3525,1935,748,555,1685,2209,8858
1981,"San Diego Clippers",82,3508,6951,33,153,1818,2433,1091,2377,3468,2097,683,392,1553,2006,8867
1981,"San Antonio Spurs",82,3581,7582,45,168,1766,2387,1214,2177,3391,2206,700,481,1422,2198,8973
1981,"Portland Trail Blazers",82,3584,7351,34,149,1805,2377,1249,2419,3668,2109,802,422,1575,1932,9007
1981,"Dallas Mavericks",82,3622,7060,36,137,1731,2297,1173,2498,3671,2098,713,480,1433,2187,9011
1981,"Cleveland Cavaliers",82,3608,7174,52,168,1800,2395,1158,2499,3657,2166,681,454,1474,1956,9068
1981,"Golden State Warriors",82,3631,7204,37,160,1804,2411,1137,2210,3347,2223,714,386,1385,2093,9103
1981,"New Jersey Nets",82,3612,7159,28,130,2010,2663,1059,2499,3558,2144,815,502,1637,2092,9262
1981,"Denver Nuggets",82,4059,8017,44,162,1863,2507,1320,2680,4000,2529,704,547,1555,2387,10025
1982,"Atlanta Hawks",82,3150,6709,46,186,1891,2482,1135,2388,3523,1871,578,434,1444,2179,8237
1982,"Washington Bullets",82,3362,7229,44,183,1645,2237,1110,2516,3626,1889,624,543,1325,1907,8413
1982,"Phoenix Suns",82,3350,7186,51,200,1671,2215,1158,2366,3524,1949,775,360,1391,2064,8422
1982,"Milwaukee Bucks",82,3297,7066,57,224,1790,2470,1172,2155,3327,2016,720,349,1538,2189,8441
1982,"Seattle SuperSonics",82,3411,7407,48,201,1586,2183,1241,2420,3661,1994,660,311,1405,2150,8456
1982,"Indiana Pacers",82,3470,7062,34,183,1558,2133,1204,2598,3802,2053,678,397,1517,2016,8532
1982,"Philadelphia 76ers",82,3371,7083,55,212,1852,2496,1289,2344,3633,1965,702,470,1615,2216,8649
1982,"Boston Celtics",82,3490,7429,39,203,1638,2172,1193,2247,3440,1972,681,367,1432,2240,8657
1982,"Houston Rockets",82,3566,7180,48,202,1503,2011,1170,2304,3474,2128,678,353,1341,2047,8683
1982,"New Jersey Nets",82,3343,6934,58,187,1946,2597,1142,2346,3488,1931,832,539,1809,2164,8690
1982,"Chicago Bulls",82,3659,7388,58,194,1533,2053,1134,2225,3359,2043,807,469,1257,2220,8909
1982,"New York Knicks",82,3541,7018,51,168,1793,2369,1125,2366,3491,2089,703,358,1462,2017,8926
1982,"Dallas Mavericks",82,3530,6953,31,138,1847,2491,1108,2361,3469,1984,643,509,1370,2243,8938
1982,"Portland Trail Blazers",82,3637,7293,54,206,1629,2149,1221,2367,3588,2114,708,427,1452,2142,8957
1982,"Los Angeles Lakers",82,3745,7679,78,213,1433,2008,1275,2255,3530,2319,718,434,1483,2004,9001
1982,"Golden State Warriors",82,3555,7250,40,172,1857,2466,1112,2407,3519,2079,661,393,1368,2156,9007
1982,"Kansas City Kings",82,3493,6984,48,158,2005,2653,1171,2552,3723,1853,707,450,1609,2136,9039
1982,"San Antonio Spurs",82,3566,7385,58,199,1893,2497,1151,2434,3585,2036,611,429,1352,2179,9083
1982,"Cleveland Cavaliers",82,3608,7044,39,131,1906,2529,1125,2529,3654,2169,655,480,1405,2071,9161
1982,"Detroit Pistons",82,3749,7362,41,175,1648,2211,1159,2434,3593,2191,782,581,1637,2383,9187
1982,"San Diego Clippers",82,3739,7105,36,146,1988,2647,1033,2276,3309,2129,772,488,1334,2124,9502
1982,"Utah Jazz",82,3835,7530,51,200,1837,2466,1253,2599,3852,2148,663,420,1413,2052,9558
1982,"Denver Nuggets",82,4265,8142,64,227,1734,2354,1358,2459,3817,2516,749,569,1476,2453,10328
1983,"New York Knicks",82,3132,6592,38,166,1695,2260,1073,2337,3410,1873,694,399,1682,2116,7997
1983,"Washington Bullets",82,3299,7044,37,163,1510,2084,1114,2514,3628,1871,698,555,1543,1975,8145
1983,"Phoenix Suns",82,3305,7265,44,199,1707,2268,1210,2326,3536,1988,712,343,1560,2039,8361
1983,"Milwaukee Bucks",82,3338,7318,38,209,1665,2243,1303,2343,3646,2043,623,300,1523,2145,8379
1983,"Atlanta Hawks",82,3383,7201,39,166,1608,2235,1303,2571,3874,1927,656,388,1468,1981,8413
1983,"New Jersey Nets",82,3327,6962,45,208,1746,2370,1102,2176,3278,1978,860,495,1871,2129,8445
1983,"Philadelphia 76ers",82,3442,7470,54,249,1624,2253,1325,2263,3588,2089,755,511,1590,2246,8562
1983,"Cleveland Cavaliers",82,3381,6911,32,146,1780,2396,974,2382,3356,2005,621,431,1275,1830,8574
1983,"Portland Trail Blazers",82,3503,7211,55,188,1572,2046,1126,2364,3490,2072,658,500,1546,2232,8633
1983,"Boston Celtics",82,3477,7401,48,180,1750,2307,1186,2393,3579,2027,699,340,1607,2137,8752
1983,"Seattle SuperSonics",82,3546,7703,49,197,1615,2184,1314,2397,3711,2146,726,360,1443,2152,8756
1983,"Los Angeles Lakers",82,3734,7617,55,212,1455,2008,1294,2166,3460,2389,766,380,1562,1863,8978
1983,"San Antonio Spurs",82,3654,7531,51,201,1716,2239,1160,2263,3423,2329,654,457,1430,2199,9075
1983,"Houston Rockets",82,3641,7244,33,125,1781,2375,1198,2710,3908,2252,772,406,1504,1933,9096
1983,"Golden State Warriors",82,3706,7260,42,167,1751,2391,1249,2495,3744,2170,758,489,1690,2026,9205
1983,"Kansas City Kings",82,3531,7250,40,188,2107,2885,1250,2403,3653,1997,809,439,1716,2245,9209
1983,"Detroit Pistons",82,3802,7679,21,182,1647,2287,1266,2594,3860,2252,761,561,1580,2326,9272
1983,"Dallas Mavericks",82,3758,7481,53,202,1708,2347,1217,2433,3650,2291,607,562,1383,2227,9277
1983,"Utah Jazz",82,3794,7932,48,199,1646,2288,1439,2671,4110,2202,826,448,1601,2102,9282
1983,"San Diego Clippers",82,3652,6910,32,130,1963,2626,1095,2365,3460,2105,789,519,1723,1962,9299
1983,"Indiana Pacers",82,3768,7284,40,142,1815,2413,1206,2564,3770,2237,761,439,1643,1886,9391
1983,"Chicago Bulls",82,3816,7712,46,176,1825,2438,1197,2456,3653,2230,845,633,1462,2266,9503
1983,"Denver Nuggets",82,4098,8120,71,253,1787,2393,1369,2697,4066,2389,728,611,1636,2356,10054
1984,"Milwaukee Bucks",82,3207,7033,42,203,1869,2489,1252,2235,3487,1959,653,319,1404,2093,8325
1984,"Atlanta Hawks",82,3277,6845,39,185,1834,2380,1191,2410,3601,2026,579,424,1409,2087,8427
1984,"New York Knicks",82,3260,6687,52,189,1876,2474,1045,2171,3216,2049,721,397,1683,2197,8448
1984,"Boston Celtics",82,3463,7372,71,219,1659,2143,1101,2227,3328,1957,703,328,1329,2090,8656
1984,"Philadelphia 76ers",82,3427,7136,47,207,1757,2367,1235,2237,3472,2062,805,483,1559,2237,8658
1984,"Washington Bullets",82,3465,7086,37,172,1693,2218,1037,2381,3418,2038,706,492,1277,2021,8660
1984,"Cleveland Cavaliers",82,3373,6930,50,190,1939,2541,983,2405,3388,2141,579,395,1224,1906,8735
1984,"Seattle SuperSonics",82,3585,7337,54,228,1655,2168,1167,2404,3571,2278,663,388,1330,2097,8879
1984,"Chicago Bulls",82,3502,7082,37,182,1885,2471,1125,2388,3513,2235,786,514,1513,2110,8926
1984,"New Jersey Nets",82,3422,6974,48,181,2037,2675,1097,2307,3404,1913,781,416,1674,2161,8929
1984,"Indiana Pacers",82,3552,7175,29,146,1828,2415,1194,2564,3758,2117,761,444,1587,1930,8961
1984,"Portland Trail Blazers",82,3566,6943,57,208,1797,2366,1059,2185,3244,2119,649,440,1633,2184,8986
1984,"Dallas Mavericks",82,3633,7282,63,222,1688,2198,1180,2346,3526,2131,632,417,1386,2213,9017
1984,"Phoenix Suns",82,3509,7061,54,219,1956,2540,1065,2333,3398,2059,675,298,1480,2038,9028
1984,"Kansas City Kings",82,3601,7169,33,164,1909,2510,1126,2387,3513,2108,660,493,1584,2191,9144
1984,"Los Angeles Lakers",82,3672,7600,63,223,1763,2346,1253,2154,3407,2261,797,376,1443,1973,9170
1984,"Golden State Warriors",82,3725,7210,36,171,1801,2377,1211,2513,3724,2150,691,494,1694,2246,9287
1984,"Detroit Pistons",82,3657,7369,53,202,1941,2577,1163,2457,3620,2193,621,527,1480,2187,9308
1984,"Houston Rockets",82,3583,7412,42,157,2116,2803,1197,2458,3655,2023,782,426,1421,1916,9324
1984,"Utah Jazz",82,3745,7872,46,208,1799,2414,1458,2461,3919,2237,747,466,1438,2194,9335
1984,"San Diego Clippers",82,3771,7406,53,187,1749,2233,1112,2163,3275,2370,727,458,1242,2043,9344
1984,"San Antonio Spurs",82,3996,7910,52,216,1840,2427,1293,2455,3748,2518,652,464,1427,2187,9884
1984,"Denver Nuggets",82,4016,7747,62,205,2143,2860,1228,2737,3965,2453,671,545,1538,2272,10237
1985,"Milwaukee Bucks",82,3214,6972,80,308,2020,2700,1236,2293,3529,1904,642,389,1562,2104,8528
1985,"Washington Bullets",82,3494,7179,66,232,1623,2172,1119,2673,3792,1988,630,397,1467,1833,8677
1985,"Seattle SuperSonics",82,3520,7142,79,253,1703,2212,1113,2379,3492,2220,732,458,1383,2020,8822
1985,"Atlanta Hawks",82,3504,7267,46,212,1808,2384,1332,2411,3743,2087,674,373,1488,1972,8862
1985,"Boston Celtics",82,3642,7642,71,269,1512,1922,1105,2287,3392,2041,641,315,1222,1964,8867
1985,"Philadelphia 76ers",82,3494,7157,80,311,1857,2397,1183,2173,3356,2139,753,391,1534,2209,8925
1985,"Dallas Mavericks",82,3626,7200,98,318,1588,2080,1062,2470,3532,2113,572,430,1340,2066,8938
1985,"Utah Jazz",82,3532,7604,72,280,1810,2375,1360,2645,4005,2069,806,443,1606,2076,8946
1985,"New Jersey Nets",82,3514,7041,79,262,1849,2454,1084,2405,3489,1975,680,352,1496,1933,8956
1985,"Houston Rockets",82,3500,7274,90,258,1887,2425,1159,2222,3381,2117,773,415,1495,1903,8977
1985,"Chicago Bulls",82,3521,7210,91,292,1852,2394,1137,2260,3397,2045,668,447,1323,2040,8985
1985,"New York Knicks",82,3329,6732,67,229,2282,3006,1219,2401,3620,2143,667,446,1589,2038,9007
1985,"Phoenix Suns",82,3605,7309,65,224,1756,2295,1125,2416,3541,2181,771,410,1468,2019,9031
1985,"Los Angeles Lakers",82,3665,7639,84,297,1679,2244,1248,2078,3326,2313,756,370,1365,1905,9093
1985,"Cleveland Cavaliers",82,3547,7415,70,253,1965,2554,1210,2451,3661,2215,612,429,1357,2101,9129
1985,"Los Angeles Clippers",82,3737,7630,74,263,1604,2115,1248,2282,3530,2264,770,422,1242,1887,9152
1985,"Portland Trail Blazers",82,3697,7494,59,232,1737,2269,1264,2340,3604,2235,726,459,1607,2160,9190
1985,"Detroit Pistons",82,3700,7457,78,249,1826,2404,1109,2563,3672,2107,642,508,1486,2017,9304
1985,"San Antonio Spurs",82,3644,7348,72,242,1977,2548,1136,2265,3401,2283,749,472,1489,2154,9337
1985,"Indiana Pacers",82,3628,7332,64,200,2068,2707,1098,2583,3681,2242,777,523,1424,2072,9388
1985,"Kansas City Kings",82,3805,7461,65,259,1957,2546,1166,2267,3433,2344,761,512,1424,2205,9632
1985,"Denver Nuggets",82,3775,7379,64,254,2027,2648,1181,2628,3809,2154,670,589,1744,2178,9641
1985,"Golden State Warriors",82,3839,7165,57,220,1919,2530,1101,2521,3622,2336,650,469,1583,2180,9654
1986,"New York Knicks",82,3192,6672,68,274,2102,2744,1166,2587,3753,2007,701,444,1629,2018,8554
1986,"Seattle SuperSonics",82,3301,6774,57,224,1913,2491,1027,2308,3335,2038,654,406,1467,2008,8572
1986,"Boston Celtics",82,3444,7476,82,304,1617,2162,1089,2317,3406,1924,725,341,1258,1966,8587
1986,"Washington Bullets",82,3435,7360,71,259,1649,2181,1249,2591,3840,2014,712,454,1373,1907,8590
1986,"Milwaukee Bucks",82,3286,7043,97,329,1980,2674,1169,2325,3494,1952,633,397,1631,2139,8649
1986,"Atlanta Hawks",82,3360,7074,87,283,1905,2508,1202,2329,3531,1945,697,371,1494,2129,8712
1986,"Indiana Pacers",82,3372,7123,73,275,1975,2571,1050,2479,3529,2057,745,445,1315,1909,8792
1986,"Philadelphia 76ers",82,3615,7328,82,282,1546,2041,1189,2228,3417,2255,802,469,1520,2187,8858
1986,"Utah Jazz",82,3470,7339,65,251,1896,2483,1208,2510,3718,1977,752,464,1529,2221,8901
1986,"Los Angeles Lakers",82,3577,7450,51,247,1778,2369,1104,2226,3330,2235,792,359,1330,1992,8983
1986,"Cleveland Cavaliers",82,3435,7239,86,297,2115,2758,1131,2494,3625,2122,711,364,1331,1945,9071
1986,"New Jersey Nets",82,3504,7124,96,316,2008,2622,1036,2369,3405,2019,783,390,1523,2002,9112
1986,"Houston Rockets",82,3638,7402,87,268,1802,2406,1190,2389,3579,2196,683,386,1464,1977,9165
1986,"Sacramento Kings",82,3566,7225,73,281,1971,2609,1142,2339,3481,2118,751,478,1409,2083,9176
1986,"Detroit Pistons",82,3620,7365,71,258,1956,2589,1180,2538,3718,2083,662,500,1490,1977,9267
1986,"Phoenix Suns",82,3569,7307,89,279,2041,2692,1137,2265,3402,2149,841,467,1515,2216,9268
1986,"San Antonio Spurs",82,3629,7365,98,322,1916,2491,1157,2304,3461,2269,800,454,1519,2108,9272
1986,"Chicago Bulls",82,3601,7138,70,233,2002,2627,1104,2362,3466,2170,664,491,1298,2002,9274
1986,"Denver Nuggets",82,3638,7404,60,262,1967,2693,1295,2732,4027,2106,639,484,1741,2117,9303
1986,"Portland Trail Blazers",82,3637,7249,83,248,1992,2638,1179,2362,3541,2254,760,426,1645,2262,9349
1986,"Dallas Mavericks",82,3864,7689,90,311,1545,2049,1219,2469,3688,2381,617,423,1279,2196,9363
1986,"Los Angeles Clippers",82,3849,7588,73,261,1704,2280,1268,2458,3726,2469,760,457,1396,2113,9475
1986,"Golden State Warriors",82,3863,7432,65,229,1791,2401,1170,2519,3689,2325,692,442,1487,2069,9582
1987,"Atlanta Hawks",82,3158,6998,128,426,1987,2598,1196,2277,3473,1917,619,385,1314,2034,8431
1987,"Chicago Bulls",82,3337,6910,115,337,1734,2255,1027,2317,3344,2028,583,492,1269,1844,8523
1987,"Houston Rockets",82,3348,7225,100,355,1887,2422,1167,2364,3531,2126,721,368,1366,1922,8683
1987,"Boston Celtics",82,3470,7500,124,405,1628,2148,1237,2287,3524,2060,722,338,1156,1911,8692
1987,"Milwaukee Bucks",82,3247,6906,120,415,2117,2796,1191,2477,3668,2014,659,460,1551,2024,8731
1987,"Philadelphia 76ers",82,3537,7204,119,416,1552,2049,1214,2202,3416,2202,813,446,1372,1982,8745
1987,"Indiana Pacers",82,3344,6969,103,345,1960,2584,1117,2584,3701,2019,660,472,1416,1852,8751
1987,"Washington Bullets",82,3522,7453,104,358,1654,2183,1334,2483,3817,2144,699,548,1439,1938,8802
1987,"Utah Jazz",82,3347,7338,143,451,1974,2564,1310,2637,3947,2011,718,457,1579,1992,8811
1987,"Detroit Pistons",82,3376,7307,133,419,1951,2608,1143,2339,3482,2029,670,472,1294,2067,8836
1987,"Cleveland Cavaliers",82,3556,7441,95,342,1664,2209,1254,2396,3650,2056,810,479,1398,2076,8871
1987,"Los Angeles Lakers",82,3520,7531,122,431,1731,2265,1280,2174,3454,2212,721,404,1370,2004,8893
1987,"New York Knicks",82,3500,7142,94,358,1928,2534,1331,2448,3779,2152,761,400,1417,1950,9022
1987,"Dallas Mavericks",82,3586,7503,128,434,1750,2293,1254,2386,3640,2304,571,421,1332,2136,9050
1987,"Seattle SuperSonics",82,3514,7329,93,324,2166,2819,1236,2278,3514,2023,731,409,1342,2027,9287
1987,"San Antonio Spurs",82,3704,7310,106,379,1786,2364,1100,2461,3561,2375,699,463,1417,1844,9300
1987,"New Jersey Nets",82,3418,7125,118,366,2353,3018,1129,2352,3481,1958,814,566,1357,2126,9307
1987,"Phoenix Suns",82,3623,7336,123,395,1942,2570,1235,2355,3590,2246,799,435,1428,2034,9311
1987,"Sacramento Kings",82,3656,7469,125,395,1922,2500,1160,2355,3515,2154,707,487,1210,2068,9359
1987,"Golden State Warriors",82,3615,7339,155,460,1995,2665,1249,2481,3730,2174,688,450,1411,2052,9380
1987,"Portland Trail Blazers",82,3649,7523,116,421,1996,2589,1208,2279,3487,2189,735,473,1504,2228,9410
1987,"Los Angeles Clippers",82,3759,7254,110,320,1875,2515,1187,2643,3830,2416,806,534,1533,2021,9503
1987,"Denver Nuggets",82,3636,7343,113,361,2255,2901,1166,2720,3886,2189,558,452,1564,2145,9640
1988,"Chicago Bulls",82,3276,6967,108,368,1670,2205,1023,2268,3291,2079,597,415,1244,1880,8330
1988,"Cleveland Cavaliers",82,3383,7101,127,400,1611,2044,1159,2255,3414,1989,692,449,1439,2021,8504
1988,"Detroit Pistons",82,3334,7134,114,394,1751,2298,1144,2276,3420,1964,649,406,1328,2164,8533
1988,"Atlanta Hawks",82,3243,6885,136,406,1927,2480,1156,2353,3509,1976,640,353,1322,2008,8549
1988,"Utah Jazz",82,3273,7283,146,464,1905,2475,1277,2444,3721,1991,771,472,1467,2013,8597
1988,"Dallas Mavericks",82,3468,7385,167,517,1499,1957,1200,2233,3433,2240,612,436,1228,1997,8602
1988,"Indiana Pacers",82,3335,7060,118,368,1858,2446,1160,2500,3660,1933,700,407,1269,1859,8646
1988,"Milwaukee Bucks",82,3344,7063,133,442,1832,2410,1172,2400,3572,2135,621,449,1346,1952,8653
1988,"New York Knicks",82,3202,6710,114,375,2177,2806,1155,2284,3439,2005,705,447,1631,1969,8695
1988,"Washington Bullets",82,3459,7235,128,390,1670,2246,1228,2364,3592,2134,690,527,1384,1966,8716
1988,"Los Angeles Lakers",82,3551,7467,131,439,1538,2020,1175,2249,3424,2200,732,390,1246,1940,8771
1988,"Philadelphia 76ers",82,3501,7063,143,423,1640,2163,1109,2225,3334,2217,718,441,1280,2118,8785
1988,"Houston Rockets",82,3454,7420,108,393,1805,2352,1261,2506,3767,1951,737,365,1405,2012,8821
1988,"Boston Celtics",82,3497,7260,110,366,1724,2249,1122,2194,3316,2061,734,346,1176,1989,8828
1988,"New Jersey Nets",82,3437,6918,131,363,1895,2419,1034,2461,3495,1993,809,522,1433,1942,8900
1988,"Los Angeles Clippers",82,3513,7360,124,363,1799,2309,1241,2666,3907,2300,842,483,1452,1912,8949
1988,"Seattle SuperSonics",82,3298,6798,130,400,2240,2992,1128,2306,3434,1964,606,423,1533,1963,8966
1988,"Portland Trail Blazers",82,3492,7341,141,462,2022,2632,1153,2400,3553,2154,648,376,1443,2135,9147
1988,"Denver Nuggets",82,3608,7356,113,377,1910,2508,1179,2748,3927,2171,621,510,1606,1989,9239
1988,"Phoenix Suns",82,3609,7248,128,421,1922,2506,1104,2416,3520,2225,710,441,1296,1901,9268
1988,"Sacramento Kings",82,3718,7465,120,370,1771,2326,1153,2424,3577,2176,784,533,1195,1951,9327
1988,"Golden State Warriors",82,3627,7244,152,470,2047,2700,1209,2509,3718,2271,747,432,1413,1811,9453
1988,"San Antonio Spurs",82,3851,7678,157,450,1855,2390,1292,2513,3805,2470,690,537,1427,1969,9714
1989,"Utah Jazz",82,3113,7170,185,606,1765,2342,1220,2233,3453,1812,779,505,1329,2086,8176
1989,"Detroit Pistons",82,3140,7022,158,554,1826,2325,1131,2188,3319,1855,646,341,1225,2088,8264
1989,"Cleveland Cavaliers",82,3385,7346,172,508,1358,1748,1214,2283,3497,2043,685,363,1429,1970,8300
1989,"Dallas Mavericks",82,3422,7304,166,515,1573,2090,1231,2500,3731,2133,660,386,1175,1869,8583
1989,"Chicago Bulls",82,3361,7098,193,590,1693,2190,1078,2300,3378,2099,686,348,1255,1781,8608
1989,"Milwaukee Bucks",82,3301,6901,196,533,1838,2369,1094,2335,3429,2109,707,425,1522,1935,8636
1989,"Atlanta Hawks",82,3363,7124,147,511,1826,2329,1261,2325,3586,2037,687,348,1487,2109,8699
1989,"Los Angeles Lakers",82,3541,7540,194,587,1542,2051,1178,2222,3400,2157,752,432,1263,1941,8818
1989,"Houston Rockets",82,3413,7290,187,534,1806,2372,1145,2428,3573,2015,800,439,1455,2013,8819
1989,"Boston Celtics",82,3475,7183,133,459,1780,2294,1048,2222,3270,2124,762,387,1191,1950,8863
1989,"Miami Heat",82,3384,6928,148,432,2021,2613,1188,2366,3554,2062,926,553,1543,1830,8937
1989,"Seattle SuperSonics",82,3437,7067,169,543,1915,2489,1188,2252,3440,1958,670,413,1553,1881,8958
1989,"New Jersey Nets",82,3560,7162,158,512,1749,2286,1030,2476,3506,2134,744,485,1376,1834,9027
1989,"Philadelphia 76ers",82,3658,7296,170,495,1565,2023,1149,2412,3561,2281,640,445,1269,1984,9051
1989,"Washington Bullets",82,3486,7235,155,510,1929,2510,1132,2538,3670,2082,655,523,1381,1921,9056
1989,"Phoenix Suns",82,3589,7736,181,568,1737,2308,1252,2458,3710,2166,625,427,1368,2057,9096
1989,"Sacramento Kings",82,3589,7420,181,573,1747,2301,1171,2604,3775,2107,759,442,1284,1821,9106
1989,"Indiana Pacers",82,3453,7400,167,547,2036,2606,1288,2312,3600,2034,836,389,1206,2029,9109
1989,"San Antonio Spurs",82,3486,7148,172,532,2105,2714,1256,2462,3718,2062,915,545,1728,1938,9249
1989,"New York Knicks",82,3636,7358,152,534,1834,2390,1213,2326,3539,2292,778,433,1688,1898,9258
1989,"Charlotte Hornets",82,3555,7113,115,399,2040,2629,1191,2621,3812,2061,710,441,1425,1791,9265
1989,"Portland Trail Blazers",82,3572,7322,198,546,1933,2504,1151,2391,3542,2073,738,358,1569,1960,9275
1989,"Los Angeles Clippers",82,3747,7738,197,576,1834,2400,1342,2550,3892,2384,933,551,1440,1882,9525
1989,"Denver Nuggets",82,3701,7484,157,446,1977,2683,1136,2864,4000,2136,665,485,1597,2001,9536
1989,"Golden State Warriors",82,3693,8000,281,821,1916,2501,1437,2639,4076,2215,861,485,1554,1935,9583
1990,"Detroit Pistons",82,3043,6809,186,558,1785,2342,1040,2281,3321,1764,606,304,1248,2072,8057
1990,"Minnesota Timberwolves",82,3081,6391,129,391,1859,2420,1050,2322,3372,1880,578,489,1366,1748,8150
1990,"Utah Jazz",82,3164,6949,174,563,1865,2452,1100,2210,3310,1885,736,452,1241,1910,8367
1990,"Dallas Mavericks",82,3288,7013,175,587,1627,2161,1142,2398,3540,1961,649,388,1236,1832,8378
1990,"San Antonio Spurs",82,3269,7090,231,624,1663,2169,1125,2241,3366,1967,760,416,1420,1919,8432
1990,"Cleveland Cavaliers",82,3418,7135,156,500,1444,1898,1134,2451,3585,2137,680,379,1294,1893,8436
1990,"Los Angeles Lakers",82,3382,7247,175,519,1584,2111,1131,2243,3374,2009,669,426,1200,1909,8523
1990,"Philadelphia 76ers",82,3417,7117,212,573,1584,2054,1113,2356,3469,2155,636,380,1234,1945,8630
1990,"Houston Rockets",82,3399,7322,163,556,1671,2256,1175,2460,3635,2010,790,392,1428,1819,8632
1990,"Seattle SuperSonics",82,3257,6704,178,520,1992,2533,1007,2204,3211,1862,634,406,1303,1796,8684
1990,"Boston Celtics",82,3438,7383,172,539,1648,2133,1046,2318,3364,2078,736,356,1003,1845,8696
1990,"Chicago Bulls",82,3361,6819,204,581,1784,2392,1068,2296,3364,2110,665,383,1411,1742,8710
1990,"Milwaukee Bucks",82,3292,6871,181,564,1990,2570,1158,2405,3563,2023,685,444,1506,1879,8755
1990,"Sacramento Kings",82,3384,7158,160,507,1828,2324,1146,2531,3677,2022,704,391,1168,1740,8756
1990,"New York Knicks",82,3497,7430,171,543,1598,2100,1249,2285,3534,2126,719,418,1287,1869,8763
1990,"Los Angeles Clippers",82,3432,7207,186,576,1737,2251,1149,2367,3516,2092,828,429,1364,1950,8787
1990,"Atlanta Hawks",82,3438,6935,181,533,1760,2279,1151,2236,3387,2144,672,389,1294,1961,8817
1990,"Phoenix Suns",82,3528,7588,200,563,1585,2163,1202,2335,3537,2125,677,395,1254,2151,8841
1990,"Portland Trail Blazers",82,3351,7227,228,688,1917,2500,1055,2357,3412,2026,667,432,1489,2086,8847
1990,"New Jersey Nets",82,3403,7020,141,420,1906,2491,1144,2590,3734,1871,768,478,1419,1886,8853
1990,"Charlotte Hornets",82,3438,6922,132,421,1865,2380,1063,2723,3786,2066,638,384,1376,1754,8873
1990,"Indiana Pacers",82,3486,7225,173,541,1804,2395,1173,2297,3470,1945,716,321,1189,2021,8949
1990,"Washington Bullets",82,3511,7403,142,474,1845,2376,1198,2503,3701,1952,644,430,1200,1780,9009
1990,"Miami Heat",82,3418,7010,158,462,2050,2716,1125,2467,3592,2076,860,477,1473,1781,9044
1990,"Denver Nuggets",82,3589,7334,164,517,1939,2517,1021,2846,3867,2073,613,462,1514,1911,9281
1990,"Golden State Warriors",82,3766,7885,261,733,1998,2633,1495,2594,4089,2331,817,430,1422,2219,9791
1990,"Orlando Magic",82,3864,7757,196,555,1897,2502,1173,2569,3742,2333,734,556,1216,2060,9821
1991,"Detroit Pistons",82,3053,6743,157,504,1674,2173,1002,2274,3276,1736,581,289,1127,1987,7937
1991,"Los Angeles Lakers",82,3354,7262,178,573,1278,1700,1131,2187,3318,1998,668,334,1175,1823,8164
1991,"Utah Jazz",82,3217,7011,205,667,1615,2090,1101,2278,3379,1858,686,409,1254,1995,8254
1991,"Chicago Bulls",82,3267,6884,190,626,1554,2017,1062,2162,3224,2016,633,348,1402,1826,8278
1991,"San Antonio Spurs",82,3265,7289,218,704,1664,2187,1122,2270,3392,1928,801,437,1260,2008,8412
1991,"Houston Rockets",82,3337,7316,183,621,1609,2086,1242,2431,3673,1965,711,357,1415,1786,8466
1991,"New York Knicks",82,3410,7162,183,545,1471,1903,1119,2336,3455,1999,724,368,1239,1813,8474
1991,"Sacramento Kings",82,3142,6687,155,491,2045,2686,1164,2543,3707,1912,699,448,1312,1847,8484
1991,"Minnesota Timberwolves",82,3320,6778,171,505,1680,2219,1094,2379,3473,2142,512,511,1238,1692,8491
1991,"Milwaukee Bucks",82,3290,6775,189,574,1755,2312,1108,2315,3423,2023,704,461,1531,1912,8524
1991,"Cleveland Cavaliers",82,3459,7117,163,505,1464,1916,1097,2398,3495,2150,710,394,1226,1895,8545
1991,"Dallas Mavericks",82,3346,6945,178,583,1700,2296,1116,2489,3605,2025,650,400,1147,1778,8570
1991,"Seattle SuperSonics",82,3285,6738,207,633,1866,2459,1107,2149,3256,1851,729,446,1485,1820,8643
1991,"Philadelphia 76ers",82,3536,7432,196,660,1388,1794,1156,2519,3675,2220,691,391,1177,1862,8656
1991,"Boston Celtics",82,3419,7559,191,611,1639,2084,1192,2204,3396,2052,738,381,1127,1660,8668
1991,"Portland Trail Blazers",82,3320,7275,236,730,1819,2341,1079,2354,3433,2048,630,352,1397,2075,8695
1991,"Washington Bullets",82,3396,7280,166,555,1763,2288,1232,2473,3705,1861,727,492,1254,1778,8721
1991,"Los Angeles Clippers",82,3337,7151,199,593,1901,2529,1115,2494,3609,1982,773,491,1316,1887,8774
1991,"New Jersey Nets",82,3374,7206,136,442,1927,2493,1287,2527,3814,1737,831,540,1452,1896,8811
1991,"Phoenix Suns",82,3462,7499,182,584,1705,2244,1195,2298,3493,1972,682,463,1282,2059,8811
1991,"Miami Heat",82,3335,6974,173,514,1997,2603,1176,2364,3540,2006,853,502,1466,1960,8840
1991,"Charlotte Hornets",82,3408,6915,158,500,1884,2441,1151,2514,3665,2144,675,480,1406,1841,8858
1991,"Atlanta Hawks",82,3568,7219,217,621,1587,2069,1080,2499,3579,2320,688,361,1291,2034,8940
1991,"Orlando Magic",82,3454,7232,223,674,1879,2451,1095,2500,3595,2118,706,654,1215,1983,9010
1991,"Indiana Pacers",82,3577,7299,186,609,1851,2490,1202,2313,3515,2063,729,353,1260,2037,9191
1991,"Golden State Warriors",82,3544,7349,221,686,2121,2797,1292,2480,3772,2164,726,437,1534,2206,9430
1991,"Denver Nuggets",82,4076,7962,194,502,2377,3068,1242,3067,4309,2492,757,525,1527,1844,10723
1992,"Detroit Pistons",82,3157,6973,211,625,1421,1866,1115,2255,3370,1894,642,373,1117,1916,7946
1992,"New York Knicks",82,3082,6727,179,606,1666,2172,1014,2241,3255,1778,669,396,1249,1803,8009
1992,"Chicago Bulls",82,3206,6970,218,657,1525,1985,1081,2171,3252,1841,631,352,1288,1800,8155
1992,"San Antonio Spurs",82,3211,7098,243,700,1587,2061,1103,2362,3465,1882,753,463,1252,1810,8252
1992,"Los Angeles Lakers",82,3408,7095,174,596,1329,1744,1234,2384,3618,2173,594,389,1256,1831,8319
1992,"Los Angeles Clippers",82,3211,6997,224,648,1706,2249,1151,2445,3596,1784,705,432,1396,1870,8352
1992,"Utah Jazz",82,3292,7178,234,695,1535,2056,1146,2255,3401,1925,646,458,1205,1958,8353
1992,"Boston Celtics",82,3323,7293,201,652,1601,2084,1178,2333,3511,1923,680,414,1114,1634,8448
1992,"Philadelphia 76ers",82,3449,7145,189,615,1375,1772,1171,2365,3536,2226,686,454,1184,1766,8462
1992,"Cleveland Cavaliers",82,3496,7435,193,581,1294,1683,1236,2376,3612,2156,649,417,1150,1874,8479
1992,"Houston Rockets",82,3391,7317,196,574,1529,1985,1232,2406,3638,2131,743,384,1174,1673,8507
1992,"Portland Trail Blazers",82,3249,7150,244,805,1797,2367,1097,2336,3433,1980,688,433,1369,1957,8539
1992,"Seattle SuperSonics",82,3263,6864,209,621,1848,2460,1122,2228,3350,1832,697,479,1320,1850,8583
1992,"Dallas Mavericks",82,3314,7051,183,599,1823,2368,1157,2631,3788,1936,723,456,1054,1735,8634
1992,"Phoenix Suns",82,3429,7477,180,586,1669,2207,1218,2345,3563,1909,659,493,1258,1931,8707
1992,"Milwaukee Bucks",82,3445,6911,221,603,1638,2195,1170,2319,3489,2118,730,473,1420,1780,8749
1992,"Washington Bullets",82,3431,7174,212,601,1687,2240,1197,2636,3833,1902,710,450,1325,1689,8761
1992,"New Jersey Nets",82,3422,7175,161,508,1775,2318,1215,2355,3570,1789,806,484,1344,1722,8780
1992,"Minnesota Timberwolves",82,3453,7116,171,483,1738,2337,1311,2534,3845,2088,660,574,1215,1675,8815
1992,"Denver Nuggets",82,3346,6967,186,532,1943,2513,1109,2530,3639,1811,780,593,1393,1787,8821
1992,"Atlanta Hawks",82,3523,7342,251,732,1537,2006,1160,2545,3705,2168,711,393,1253,1732,8834
1992,"Orlando Magic",82,3426,7045,215,609,1830,2437,1107,2445,3552,2095,791,534,1271,1895,8897
1992,"Miami Heat",82,3529,7157,210,606,1685,2242,1134,2415,3549,2070,731,447,1316,1968,8953
1992,"Indiana Pacers",82,3425,7312,216,640,1976,2627,1241,2325,3566,2165,816,386,1247,1984,9042
1992,"Sacramento Kings",82,3557,7420,204,616,1728,2297,1311,2639,3950,2128,816,530,1358,1816,9046
1992,"Charlotte Hornets",82,3717,7495,205,632,1661,2241,1253,2581,3834,2366,621,524,1392,1750,9300
1992,"Golden State Warriors",82,3616,7507,257,776,1923,2563,1324,2436,3760,2122,794,435,1512,2021,9412
1993,"New York Knicks",82,2822,6621,230,753,1949,2582,1031,2325,3356,1658,657,384,1360,2010,7823
1993,"Chicago Bulls",82,3139,6622,247,685,1584,2033,1039,2265,3304,1918,595,357,1372,1731,8109
1993,"Houston Rockets",82,3255,7129,242,730,1432,1877,1167,2295,3462,1965,717,327,1228,1793,8184
1993,"Cleveland Cavaliers",82,3370,7229,229,695,1334,1742,1115,2379,3494,2109,610,365,1203,1828,8303
1993,"Seattle SuperSonics",82,3143,6707,272,808,1746,2299,1075,2220,3295,1835,655,406,1516,1853,8304
1993,"New Jersey Nets",82,3231,6945,201,618,1665,2248,1102,2345,3447,1786,780,416,1304,1881,8328
1993,"Detroit Pistons",82,3321,6906,261,769,1463,1987,1099,2442,3541,2048,623,363,1219,1804,8366
1993,"Boston Celtics",82,3232,6980,216,650,1749,2269,1094,2378,3472,1971,637,386,1181,1676,8429
1993,"San Antonio Spurs",82,3290,7177,270,747,1583,2051,1082,2388,3470,1905,655,373,1131,1998,8433
1993,"Utah Jazz",82,3258,6970,272,836,1743,2343,1120,2314,3434,1928,648,468,1291,1970,8531
1993,"Orlando Magic",82,3307,7255,248,754,1682,2306,1166,2271,3437,2091,715,401,1119,1975,8544
1993,"Miami Heat",82,3232,6791,265,781,1860,2416,1032,2424,3456,1965,656,426,1304,2053,8589
1993,"Portland Trail Blazers",82,3337,7125,277,811,1692,2226,1022,2527,3549,2059,649,452,1404,2089,8643
1993,"Los Angeles Lakers",82,3438,7116,245,726,1529,2050,1158,2411,3569,2130,686,384,1334,1872,8650
1993,"Minnesota Timberwolves",82,3323,6814,208,578,1830,2413,1122,2331,3453,2144,734,494,1231,1875,8684
1993,"Indiana Pacers",82,3262,6955,216,706,1957,2635,1189,2345,3534,1987,693,387,1178,1979,8697
1993,"Milwaukee Bucks",82,3303,6843,269,783,1823,2437,1269,2398,3667,2087,773,456,1476,1810,8698
1993,"Phoenix Suns",82,3500,7307,250,750,1502,2078,1118,2316,3434,2107,708,512,1328,2041,8752
1993,"Los Angeles Clippers",82,3311,7051,275,790,1857,2434,1179,2437,3616,1970,765,453,1445,1772,8754
1993,"Denver Nuggets",82,3324,7214,222,647,1899,2517,1159,2505,3664,1890,750,503,1340,1983,8769
1993,"Atlanta Hawks",82,3509,7074,281,833,1586,2092,1080,2413,3493,2189,735,363,1363,1881,8885
1993,"Washington Bullets",82,3557,7214,239,712,1577,2106,1135,2555,3690,2062,718,425,1279,1818,8930
1993,"Philadelphia 76ers",82,3666,7548,280,782,1417,1878,1258,2634,3892,2406,781,491,1290,1790,9029
1993,"Charlotte Hornets",82,3634,7698,234,753,1548,2080,1350,2403,3753,2277,599,438,1245,1923,9050
1993,"Golden State Warriors",82,3471,7197,272,794,1881,2492,1174,2345,3519,2098,824,457,1350,1993,9095
1993,"Sacramento Kings",82,3420,7024,213,680,2054,2711,1138,2562,3700,2073,767,551,1466,2010,9107
1993,"Dallas Mavericks",82,3401,6783,234,653,2351,3071,1063,2740,3803,2047,802,520,1273,1861,9387
1994,"New York Knicks",82,2783,6451,253,825,1684,2341,1016,2245,3261,1677,677,333,1420,1897,7503
1994,"San Antonio Spurs",82,3066,6880,290,871,1349,1875,1089,2153,3242,1769,632,346,1020,1791,7771
1994,"Chicago Bulls",82,3029,6542,252,780,1470,1987,985,2240,3225,1840,730,374,1335,1725,7780
1994,"Atlanta Hawks",82,3163,6954,275,872,1285,1732,1157,2358,3515,1897,641,338,1465,1722,7886
1994,"Houston Rockets",82,3152,7166,257,841,1377,1871,1138,2434,3572,1901,767,312,1221,1743,7938
1994,"Seattle SuperSonics",82,2928,6459,326,946,1760,2374,1084,2191,3275,1808,686,421,1666,1884,7942
1994,"Cleveland Cavaliers",82,3131,6741,258,729,1446,1967,1059,2335,3394,2006,628,461,1293,1797,7966
1994,"Indiana Pacers",82,2978,6614,273,815,1768,2422,1132,2153,3285,1902,826,389,1340,1986,7997
1994,"Utah Jazz",82,2973,6641,289,967,1773,2444,1100,2327,3427,1806,593,459,1318,1922,8008
1994,"Denver Nuggets",82,3065,7000,208,717,1761,2349,1118,2331,3449,1745,725,502,1245,1957,8099
1994,"Miami Heat",82,3036,6641,295,892,1889,2527,1074,2266,3340,1821,689,438,1314,1946,8256
1994,"New Jersey Nets",82,3266,7125,235,739,1514,2038,1142,2528,3670,1919,715,582,1248,1901,8281
1994,"Orlando Magic",82,3263,7125,296,847,1525,2047,1197,2305,3502,2103,756,442,1228,1844,8347
1994,"Phoenix Suns",82,3379,7135,283,863,1438,1998,1086,2247,3333,2154,748,437,1254,1870,8479
1994,"Milwaukee Bucks",82,3255,6625,286,789,1684,2284,1086,2495,3581,2092,768,420,1416,1777,8480
1994,"Minnesota Timberwolves",82,3244,6874,227,738,1783,2451,1102,2296,3398,2108,824,549,1164,1855,8498
1994,"Dallas Mavericks",82,3212,6508,249,688,1841,2498,1101,2503,3604,1970,782,507,1428,1649,8514
1994,"Portland Trail Blazers",82,3311,7057,296,830,1661,2216,1016,2481,3497,2094,654,393,1391,1944,8579
1994,"Los Angeles Lakers",82,3337,7008,228,723,1683,2346,1284,2533,3817,2163,664,427,1344,1659,8585
1994,"Detroit Pistons",82,3255,6878,272,814,1805,2451,1191,2590,3781,2097,721,368,1169,1602,8587
1994,"Boston Celtics",82,3357,7034,231,665,1673,2218,1131,2508,3639,2089,690,414,1273,1738,8618
1994,"Philadelphia 76ers",82,3549,7338,263,795,1297,1744,1202,2607,3809,2357,806,385,1190,1729,8658
1994,"Golden State Warriors",82,3428,7332,305,869,1540,2108,1324,2408,3732,2184,842,408,1426,1870,8701
1994,"Charlotte Hornets",82,3463,7359,317,916,1507,2036,1217,2467,3684,2116,629,430,1260,1761,8750
1994,"Sacramento Kings",82,3360,7017,277,771,1767,2448,1189,2574,3763,2052,746,498,1341,1895,8764
1994,"Washington Bullets",82,3569,7026,252,723,1444,1996,1119,2362,3481,2113,815,470,1291,1823,8834
1994,"Los Angeles Clippers",82,3512,7421,308,882,1584,2209,1348,2568,3916,2220,898,476,1364,1788,8916
1995,"Cleveland Cavaliers",82,2803,6083,396,1108,1364,1801,851,2246,3097,1812,556,433,1213,1770,7366
1995,"New York Knicks",82,2800,6410,397,1165,1802,2449,1021,2317,3338,1584,639,324,1264,1907,7799
1995,"Atlanta Hawks",82,3001,6485,420,1212,1394,1919,1051,2391,3442,1733,608,320,1359,1815,7816
1995,"Indiana Pacers",82,2921,6408,475,1304,1516,2089,1048,2156,3204,1804,691,416,1370,2058,7833
1995,"Chicago Bulls",82,2923,6399,401,1150,1682,2280,1068,2252,3320,1713,687,369,1485,1892,7929
1995,"Charlotte Hornets",82,3088,6807,429,1289,1375,1859,1102,2365,3467,1898,535,368,1216,1859,7980
1995,"Utah Jazz",82,2845,6282,546,1431,1835,2477,917,2125,3042,1713,648,429,1353,2053,8071
1995,"Sacramento Kings",82,2964,6549,377,1240,1833,2473,1145,2268,3413,1820,756,515,1348,2033,8138
1995,"Portland Trail Blazers",82,2951,6465,442,1189,1794,2380,883,2295,3178,1789,638,405,1302,1938,8138
1995,"Philadelphia 76ers",82,3100,6663,467,1287,1569,2057,1143,2317,3460,1992,712,422,1299,1859,8236
1995,"Denver Nuggets",82,3050,6695,419,1208,1721,2296,1021,2207,3228,1784,640,460,1167,1956,8240
1995,"San Antonio Spurs",82,3168,6974,426,1251,1491,2089,1017,2303,3320,1878,633,408,1182,2063,8253
1995,"New Jersey Nets",82,3182,6904,440,1176,1495,2073,1056,2435,3491,1826,733,440,1104,1911,8299
1995,"Houston Rockets",82,3202,7061,506,1345,1407,1874,1165,2386,3551,1940,744,365,1274,1779,8317
1995,"Seattle SuperSonics",82,3008,6637,520,1514,1848,2514,1064,2207,3271,1849,652,493,1485,2024,8384
1995,"Miami Heat",82,3092,6566,511,1417,1732,2340,1036,2355,3391,1860,656,385,1332,1896,8427
1995,"Minnesota Timberwolves",82,3088,6509,468,1243,1820,2491,1169,2305,3474,2069,703,512,1323,1982,8464
1995,"Milwaukee Bucks",82,3248,6589,491,1242,1517,2081,1014,2337,3351,2103,770,407,1359,1973,8504
1995,"Orlando Magic",82,3242,7093,468,1239,1560,2106,1136,2226,3362,1986,700,367,1234,1954,8512
1995,"Boston Celtics",82,3303,6820,375,1047,1601,2225,1064,2335,3399,1999,653,454,1232,1922,8582
1995,"Los Angeles Lakers",82,3299,7050,456,1294,1580,2233,1283,2474,3757,2203,644,489,1390,1807,8634
1995,"Detroit Pistons",82,3120,6558,448,1235,1963,2720,1147,2432,3579,2013,693,439,1286,1746,8651
1995,"Los Angeles Clippers",82,3207,6470,388,1049,1876,2503,1083,2536,3619,1917,693,459,1506,1905,8678
1995,"Dallas Mavericks",82,3407,6982,432,1181,1454,1981,1053,2379,3432,1991,722,502,1250,1925,8700
1995,"Washington Bullets",82,3246,6768,438,1145,1771,2315,1107,2521,3628,1959,701,446,1359,1775,8701
1995,"Phoenix Suns",82,3320,6963,525,1544,1590,2138,1038,2431,3469,2149,658,391,1285,2026,8755
1995,"Golden State Warriors",82,3527,7233,492,1384,1565,2175,1196,2527,3723,2345,865,412,1326,2133,9111
1996,"Cleveland Cavaliers",82,2674,5787,513,1322,1400,1844,874,2167,3041,1818,504,336,1282,1667,7261
1996,"Detroit Pistons",82,2827,6375,505,1380,1458,2039,964,2268,3232,1729,556,385,1153,1887,7617
1996,"Chicago Bulls",82,2880,6428,437,1249,1424,1985,981,2136,3117,1592,595,312,1405,1856,7621
1996,"New York Knicks",82,2859,6471,442,1311,1621,2191,995,2425,3420,1671,653,281,1293,1762,7781
1996,"Miami Heat",82,2734,6303,446,1237,1878,2498,982,2315,3297,1645,662,403,1288,2031,7792
1996,"Utah Jazz",82,2747,6174,550,1428,1820,2422,936,2149,3085,1640,584,409,1284,1983,7864
1996,"Indiana Pacers",82,2841,6291,493,1368,1703,2302,1004,2051,3055,1726,663,420,1259,2041,7878
1996,"Seattle SuperSonics",82,2873,6553,533,1531,1654,2309,1074,2255,3329,1776,758,391,1517,2010,7933
1996,"Portland Trail Blazers",82,2953,6677,472,1355,1574,2127,932,2316,3248,1817,708,409,1192,1996,7952
1996,"Atlanta Hawks",82,3044,6419,479,1329,1392,1865,1054,2292,3346,1841,580,338,1405,1807,7959
1996,"San Antonio Spurs",82,3017,6866,441,1337,1485,2034,1109,2473,3582,1849,604,428,1257,1972,7960
1996,"New Jersey Nets",82,3006,6625,543,1415,1476,1994,1028,2355,3383,1876,665,516,1270,1925,8031
1996,"Los Angeles Lakers",82,3118,6806,442,1203,1395,1891,1146,2316,3462,2006,588,483,1334,1806,8073
1996,"Orlando Magic",82,3060,6736,496,1357,1499,2037,1087,2365,3452,1869,644,324,1238,1827,8115
1996,"Vancouver Grizzlies",82,3080,6486,459,1226,1561,2129,1102,2550,3652,1988,698,474,1423,1785,8180
1996,"Denver Nuggets",82,3091,6741,453,1235,1600,2105,934,2385,3319,1875,617,418,1130,1899,8235
1996,"Houston Rockets",82,3178,6910,482,1344,1423,2012,1126,2499,3625,1945,670,400,1224,1847,8261
1996,"Milwaukee Bucks",82,3084,6421,514,1296,1590,2193,998,2305,3303,1940,648,373,1212,1752,8272
1996,"Washington Bullets",82,3061,6650,377,1103,1822,2378,1105,2370,3475,1690,696,390,1362,1891,8321
1996,"Sacramento Kings",82,2987,6461,461,1215,1950,2596,1056,2312,3368,1805,767,505,1356,2006,8385
1996,"Los Angeles Clippers",82,3090,6471,444,1195,1824,2444,1034,2362,3396,1658,689,401,1357,1860,8448
1996,"Golden State Warriors",82,3206,6753,477,1308,1564,2097,1114,2292,3406,2098,698,385,1375,1959,8453
1996,"Minnesota Timberwolves",82,3086,6586,530,1393,1761,2368,1036,2317,3353,1966,725,498,1343,1940,8463
1996,"Charlotte Hornets",82,3254,6651,530,1340,1440,1957,953,2358,3311,2049,536,368,1215,1829,8478
1996,"Phoenix Suns",82,3217,6837,551,1492,1540,2083,1003,2382,3385,2088,586,420,1191,2011,8525
1996,"Philadelphia 76ers",82,3284,6796,526,1421,1472,1986,1164,2478,3642,2109,723,469,1288,1912,8566
1996,"Toronto Raptors",82,3146,6624,519,1416,1799,2416,1098,2274,3372,1990,766,482,1326,1739,8610
1996,"Boston Celtics",82,3296,6856,415,1162,1767,2366,1040,2590,3630,1916,667,489,1314,1965,8774
1996,"Dallas Mavericks",82,3403,6921,470,1193,1535,2097,1087,2726,3813,1978,702,531,1348,1841,8811
1997,"Cleveland Cavaliers",82,2488,5638,459,1230,1587,2138,845,2186,3031,1647,549,350,1331,1748,7022
1997,"Detroit Pistons",82,2768,6231,528,1430,1229,1668,964,2264,3228,1795,488,282,1195,1784,7293
1997,"Miami Heat",82,2687,6226,411,1134,1541,2108,999,2321,3320,1512,646,392,1324,1831,7326
1997,"Atlanta Hawks",82,2804,6451,485,1399,1235,1676,1045,2225,3270,1665,605,332,1267,1747,7328
1997,"New York Knicks",82,2665,6272,481,1374,1752,2389,911,2220,3131,1589,727,295,1333,1882,7563
1997,"Chicago Bulls",82,2898,6653,471,1408,1305,1770,1088,2205,3293,1619,624,286,1293,1732,7572
1997,"Seattle SuperSonics",82,2759,6259,613,1644,1513,2042,1015,2256,3271,1751,634,423,1535,1927,7644
1997,"Utah Jazz",82,2708,6188,521,1480,1796,2395,957,2101,3058,1593,639,373,1330,2045,7733
1997,"Indiana Pacers",82,2799,6357,499,1440,1642,2182,1004,2261,3265,1737,693,418,1289,1952,7739
1997,"Orlando Magic",82,2966,6450,455,1327,1361,1860,1080,2398,3478,1798,704,417,1314,1769,7748
1997,"Portland Trail Blazers",82,2798,6423,457,1279,1719,2327,952,2197,3149,1703,656,428,1242,1887,7772
1997,"Los Angeles Lakers",82,2922,6619,479,1379,1527,2126,1110,2368,3478,1880,620,388,1341,1934,7850
1997,"Houston Rockets",82,3030,6845,519,1547,1302,1785,1029,2332,3361,1835,731,365,1172,1735,7881
1997,"Dallas Mavericks",82,2966,6469,538,1444,1482,1974,1098,2428,3526,1794,687,433,1284,1720,7952
1997,"Charlotte Hornets",82,3056,6650,487,1364,1356,1857,1077,2256,3333,1783,532,335,1143,1781,7955
1997,"Milwaukee Bucks",82,2999,6355,369,1080,1606,2197,975,2257,3232,1820,688,392,1201,1777,7973
1997,"Minnesota Timberwolves",82,2945,6539,467,1290,1646,2184,1069,2364,3433,1785,654,445,1283,1829,8003
1997,"Washington Bullets",82,3011,6637,492,1327,1500,2004,1022,2336,3358,1671,665,334,1356,1769,8014
1997,"San Antonio Spurs",82,3002,6379,552,1425,1508,2042,1048,2302,3350,1955,664,448,1180,1646,8064
1997,"Toronto Raptors",82,2971,6390,497,1427,1646,2274,1033,2352,3385,1967,675,442,1338,1799,8085
1997,"Vancouver Grizzlies",82,3092,6556,500,1369,1468,2018,1206,2426,3632,1974,725,461,1251,1593,8152
1997,"Los Angeles Clippers",82,2975,6445,480,1345,1732,2312,1051,2450,3501,1654,737,419,1369,1860,8162
1997,"Sacramento Kings",82,3010,6521,442,1254,1723,2337,1063,2341,3404,1777,716,429,1257,1789,8185
1997,"New Jersey Nets",82,3100,6684,520,1398,1628,2185,1065,2464,3529,1925,675,516,1257,1780,8348
1997,"Phoenix Suns",82,3183,6818,545,1479,1466,1984,1048,2461,3509,1996,662,372,1298,1840,8377
1997,"Denver Nuggets",82,3297,7063,484,1232,1457,1943,1086,2459,3545,1846,724,453,1057,1725,8535
1997,"Golden State Warriors",82,3199,6735,581,1558,1578,2103,1089,2272,3361,2159,824,395,1288,1886,8557
1997,"Philadelphia 76ers",82,3314,7045,558,1529,1565,2134,1186,2453,3639,2066,822,494,1278,2008,8751
1997,"Boston Celtics",82,3365,6696,493,1351,1626,2257,1005,2628,3633,2130,720,557,1446,1827,8849
1998,"San Antonio Spurs",82,2737,6656,338,1029,1448,1956,1017,2236,3253,1556,730,378,1045,1845,7260
1998,"New York Knicks",82,2624,6130,331,1045,1728,2304,854,2341,3195,1585,653,313,1234,1705,7307
1998,"Chicago Bulls",82,2797,6483,329,1022,1425,1956,1016,2239,3255,1595,657,356,1268,1774,7348
1998,"Cleveland Cavaliers",82,2689,6214,341,992,1642,2175,948,2229,3177,1790,707,455,1444,1904,7361
1998,"Indiana Pacers",82,2788,6451,274,867,1525,2096,1114,2254,3368,1591,644,366,1239,1847,7375
1998,"Miami Heat",82,2723,6355,305,921,1632,2195,1058,2232,3290,1630,637,370,1214,1851,7383
1998,"Orlando Magic",82,2930,6460,313,967,1302,1769,1089,2268,3357,1740,747,388,1259,1866,7475
1998,"Atlanta Hawks",82,2961,6698,348,1017,1302,1772,1081,2152,3233,1753,617,372,1118,1892,7572
1998,"Detroit Pistons",82,2840,6377,363,1100,1549,2077,991,2334,3325,1753,648,382,1263,1874,7592
1998,"Portland Trail Blazers",82,2810,6520,373,1087,1626,2253,1011,2201,3212,1764,770,445,1160,1823,7619
1998,"Seattle SuperSonics",82,2896,6491,417,1287,1449,2001,1141,2314,3455,1825,640,403,1395,1824,7658
1998,"Phoenix Suns",82,2923,6618,394,1091,1501,2051,1051,2343,3394,1803,720,323,1363,1769,7741
1998,"Utah Jazz",82,2806,6390,401,1122,1730,2284,984,2012,2996,1690,645,423,1157,2133,7743
1998,"Charlotte Hornets",82,2977,6417,369,1063,1436,1964,965,2259,3224,1806,582,372,1240,1902,7759
1998,"Philadelphia 76ers",82,2906,6440,384,1115,1651,2262,1115,2341,3456,1927,766,508,1318,1904,7847
1998,"Milwaukee Bucks",82,2911,6319,304,929,1779,2393,1002,2259,3261,1746,765,398,1348,1808,7905
1998,"Washington Wizards",82,2975,6540,348,977,1623,2172,1029,2468,3497,1725,632,372,1328,1924,7921
1998,"Golden State Warriors",82,2992,6742,334,962,1667,2286,1134,2535,3669,2011,757,478,1154,1638,7985
1998,"Dallas Mavericks",82,3138,6819,386,1130,1333,1868,1223,2644,3867,1882,658,374,1240,1608,7995
1998,"Los Angeles Lakers",82,2984,6800,380,1071,1669,2281,1123,2339,3462,1841,660,423,1281,2151,8017
1998,"New Jersey Nets",82,3016,6406,356,1030,1653,2211,1079,2316,3395,1771,616,515,1482,2023,8041
1998,"Boston Celtics",82,2864,5981,299,940,2052,2756,1015,2446,3461,1826,696,406,1691,1719,8079
1998,"Sacramento Kings",82,3095,6776,345,968,1560,2102,1157,2533,3690,1824,694,466,1256,1775,8095
1998,"Houston Rockets",82,3173,6769,409,1120,1406,1891,1041,2326,3367,1914,732,365,1170,1747,8161
1998,"Minnesota Timberwolves",82,3076,6860,432,1206,1648,2220,1116,2411,3527,1909,609,412,1228,1863,8232
1998,"Denver Nuggets",82,3015,6370,419,1105,1817,2410,1095,2401,3496,1983,662,535,1243,1782,8266
1998,"Los Angeles Clippers",82,3236,6832,334,923,1663,2267,1169,2469,3638,1826,726,412,1158,1747,8469
1998,"Vancouver Grizzlies",82,3230,6797,428,1111,1634,2233,1145,2357,3502,2101,836,538,1163,1832,8522
1998,"Toronto Raptors",82,3271,6826,396,1034,1603,2289,1270,2506,3776,2219,737,514,1370,1748,8541
1999,"Atlanta Hawks",50,1598,3873,190,634,784,1076,581,1369,1950,895,379,243,675,1202,4170
1999,"Miami Heat",50,1565,3805,211,606,860,1167,619,1342,1961,853,387,188,677,1102,4201
1999,"San Antonio Spurs",50,1631,4061,170,559,805,1148,696,1407,2103,941,437,243,730,1148,4237
1999,"New York Knicks",50,1528,3790,234,662,979,1335,616,1426,2042,923,425,215,766,1035,4269
1999,"Utah Jazz",50,1595,3863,214,666,936,1299,635,1294,1929,904,431,264,744,1309,4340
1999,"Orlando Magic",50,1708,3856,230,667,697,986,595,1424,2019,1039,468,239,863,1111,4343
1999,"Detroit Pistons",50,1585,3639,236,682,941,1317,548,1377,1925,1043,424,225,770,1113,4347
1999,"Philadelphia 76ers",50,1599,3784,241,716,941,1288,619,1402,2021,999,435,263,896,1185,4380
1999,"Cleveland Cavaliers",50,1597,3664,236,675,978,1316,591,1405,1996,1056,392,282,821,1198,4408
1999,"Portland Trail Blazers",50,1644,3939,220,691,916,1263,616,1388,2004,962,411,244,785,1142,4424
1999,"Milwaukee Bucks",50,1600,3746,272,814,1029,1369,657,1398,2055,1018,399,194,830,1020,4501
1999,"Golden State Warriors",50,1617,3848,193,575,1114,1531,656,1503,2159,1023,400,304,735,1027,4541
1999,"Indiana Pacers",50,1706,3935,206,634,928,1227,626,1426,2052,955,357,238,652,1127,4546
1999,"Chicago Bulls",50,1723,3786,208,612,914,1247,551,1568,2119,1099,444,285,782,1074,4568
1999,"Houston Rockets",50,1793,4136,230,645,779,1062,664,1391,2055,1034,441,245,653,1030,4595
1999,"Minnesota Timberwolves",50,1680,3823,213,654,1055,1470,591,1563,2154,1114,363,262,836,1017,4628
1999,"Toronto Raptors",50,1694,3855,255,686,996,1368,614,1393,2007,1095,446,258,773,1088,4639
1999,"Charlotte Hornets",50,1739,4003,212,637,959,1306,655,1491,2146,1092,443,232,762,1151,4649
1999,"Phoenix Suns",50,1772,3936,272,755,850,1224,614,1506,2120,1064,410,205,812,1065,4666
1999,"Washington Wizards",50,1705,3826,218,619,1044,1418,617,1517,2134,1079,402,212,792,1087,4672
1999,"Dallas Mavericks",50,1815,4037,216,686,855,1193,660,1519,2179,1073,361,244,699,1042,4701
1999,"Boston Celtics",50,1725,3896,175,561,1118,1506,642,1544,2186,1018,461,253,841,1001,4743
1999,"New Jersey Nets",50,1796,3968,223,654,943,1298,624,1581,2205,968,395,326,813,1084,4758
1999,"Seattle SuperSonics",50,1838,4026,264,765,857,1187,652,1446,2098,1111,399,224,746,1165,4797
1999,"Los Angeles Lakers",50,1759,3992,217,653,1064,1501,628,1403,2031,1062,408,196,716,1271,4799
1999,"Vancouver Grizzlies",50,1813,3917,229,653,1021,1400,673,1456,2129,1189,490,328,779,1165,4876
1999,"Los Angeles Clippers",50,1830,3858,222,627,1078,1445,640,1506,2146,1101,419,289,782,1042,4960
1999,"Denver Nuggets",50,1885,4017,237,640,997,1339,620,1502,2122,1175,396,274,701,1103,5004
1999,"Sacramento Kings",50,2009,4500,219,652,793,1113,750,1598,2348,1165,490,221,790,1102,5030
2000,"San Antonio Spurs",82,2884,6781,355,1036,1276,1726,986,2410,3396,1667,645,429,1181,1893,7399
2000,"New York Knicks",82,2711,6398,404,1197,1609,2153,927,2441,3368,1609,603,354,1161,1799,7435
2000,"Portland Trail Blazers",82,2825,6557,394,1195,1422,1985,978,2220,3198,1705,652,350,1186,1872,7466
2000,"Miami Heat",82,2782,6595,408,1130,1512,2022,974,2341,3315,1582,621,364,1150,1795,7484
2000,"Utah Jazz",82,2781,6240,388,1097,1598,2141,887,2236,3123,1620,588,411,1270,2023,7548
2000,"Los Angeles Lakers",82,2838,6824,372,1142,1518,2045,1007,2531,3538,1597,627,345,1196,2099,7566
2000,"Philadelphia 76ers",82,2867,6595,417,1172,1510,2001,1065,2501,3566,1828,631,531,1444,1977,7661
2000,"Phoenix Suns",82,2825,6665,403,1146,1630,2205,1071,2465,3536,1700,733,427,1422,1794,7683
2000,"Chicago Bulls",82,2916,6396,358,1049,1533,2070,1000,2416,3416,1902,853,461,1244,1966,7723
2000,"Charlotte Hornets",82,3048,6811,410,1086,1347,1807,966,2550,3516,1903,604,421,1297,2076,7853
2000,"Minnesota Timberwolves",82,2924,6576,380,1066,1644,2185,916,2440,3356,1737,591,344,1232,1685,7872
2000,"Indiana Pacers",82,3113,6982,329,1006,1374,1821,1040,2545,3585,1735,610,323,1126,1910,7929
2000,"Toronto Raptors",82,3002,6615,346,1021,1631,2136,961,2552,3513,1790,557,434,1250,1874,7981
2000,"Seattle SuperSonics",82,3132,6941,440,1293,1343,1795,1084,2611,3695,1939,590,433,1258,1839,8047
2000,"New Jersey Nets",82,3125,6741,368,1013,1503,2012,1129,2657,3786,1866,568,469,1366,1869,8121
2000,"Orlando Magic",82,3076,6919,431,1277,1567,2104,1094,2473,3567,1991,724,475,1488,2008,8150
2000,"Vancouver Grizzlies",82,3136,6613,361,1083,1530,1989,970,2336,3306,1932,725,519,1234,1912,8163
2000,"Atlanta Hawks",82,3211,7060,373,1015,1381,1796,1052,2474,3526,1886,655,404,1001,1830,8176
2000,"Washington Wizards",82,3005,6547,390,1052,1790,2405,962,2418,3380,1793,686,503,1225,1967,8190
2000,"Boston Celtics",82,2960,6304,359,995,1929,2563,857,2534,3391,1798,638,473,1395,1928,8208
2000,"Houston Rockets",82,3226,7074,350,990,1425,1829,1027,2451,3478,1863,735,433,1126,1833,8227
2000,"Cleveland Cavaliers",82,2983,6736,420,1229,1851,2385,1013,2586,3599,1942,659,500,1389,2058,8237
2000,"Milwaukee Bucks",82,3033,6644,531,1357,1685,2241,1037,2368,3405,1987,637,340,1303,1870,8282
2000,"Denver Nuggets",82,3129,6953,399,1126,1632,2174,1027,2606,3633,2003,616,462,1179,1937,8289
2000,"Dallas Mavericks",82,3225,7053,429,1244,1484,2005,1251,2719,3970,1901,604,416,1318,1814,8363
2000,"Detroit Pistons",82,3119,6706,458,1234,1669,2237,973,2504,3477,1893,652,396,1400,2219,8365
2000,"Sacramento Kings",82,3269,7239,396,1123,1434,1910,1143,2761,3904,1950,753,404,1437,1943,8368
2000,"Los Angeles Clippers",82,3281,6879,417,1077,1512,2041,1038,2699,3737,1975,621,377,1172,1731,8491
2000,"Golden State Warriors",82,3165,6776,427,1163,1755,2328,1091,2691,3782,2036,690,495,1338,1887,8512
2001,"New York Knicks",82,2568,6159,445,1266,1478,2015,872,2418,3290,1573,596,338,1216,1754,7059
2001,"Miami Heat",82,2701,6261,360,1087,1339,1818,914,2528,3442,1421,598,424,1275,1824,7101
2001,"San Antonio Spurs",82,2837,6770,343,1043,1233,1664,967,2432,3399,1617,600,426,1107,1946,7250
2001,"Charlotte Hornets",82,2767,6501,389,1081,1444,1910,892,2436,3328,1748,616,375,1204,1768,7367
2001,"Philadelphia 76ers",82,2871,6699,427,1248,1243,1660,985,2366,3351,1771,672,458,1261,1938,7412
2001,"Portland Trail Blazers",82,2819,6436,406,1103,1436,1930,946,2238,3184,1745,646,324,1216,1738,7480
2001,"Phoenix Suns",82,2792,6422,327,937,1618,2127,902,2588,3490,1652,682,416,1433,1819,7529
2001,"Utah Jazz",82,2667,6076,410,1194,1830,2391,874,2183,3057,1564,699,453,1320,2007,7574
2001,"Indiana Pacers",82,2829,6683,377,1121,1572,2074,1042,2495,3537,1695,589,387,1115,1882,7607
2001,"Houston Rockets",82,3020,6733,359,1015,1385,1862,988,2420,3408,1735,605,400,1092,1771,7784
2001,"Los Angeles Clippers",82,2995,6800,354,1075,1474,1983,1042,2439,3481,1791,638,412,1045,1795,7818
2001,"Toronto Raptors",82,3009,6725,379,1045,1425,1890,926,2511,3437,1696,561,439,1156,1792,7822
2001,"Sacramento Kings",82,3087,7139,401,1131,1291,1724,1121,2643,3764,1816,666,476,1334,1766,7866
2001,"Minnesota Timberwolves",82,2977,6588,350,996,1567,2164,967,2505,3472,1834,583,357,1246,1655,7871
2001,"Atlanta Hawks",82,2922,6609,396,1080,1646,2153,1029,2534,3563,1737,698,513,1212,1696,7886
2001,"Dallas Mavericks",82,2938,6693,381,1140,1631,2231,1068,2623,3691,1778,622,379,1273,1848,7888
2001,"Cleveland Cavaliers",82,2927,6582,422,1155,1633,2125,990,2400,3390,1880,694,542,1229,1810,7909
2001,"Orlando Magic",82,2830,6499,366,1059,1885,2566,1061,2609,3670,1793,695,440,1408,1946,7911
2001,"Chicago Bulls",82,2987,6330,346,973,1607,2202,957,2551,3508,1932,635,426,1217,1754,7927
2001,"Boston Celtics",82,2935,6392,430,1170,1634,2178,888,2650,3538,1885,650,440,1402,1903,7934
2001,"Milwaukee Bucks",82,2912,6626,439,1246,1679,2186,1014,2490,3504,1883,592,350,1273,1778,7942
2001,"New Jersey Nets",82,2937,6452,428,1189,1664,2231,1001,2622,3623,1840,619,522,1304,1808,7966
2001,"Los Angeles Lakers",82,2983,6815,413,1168,1595,2114,981,2407,3388,1659,619,324,1073,2002,7974
2001,"Seattle SuperSonics",82,3076,6783,471,1351,1353,1824,1046,2431,3477,1957,648,510,1228,1816,7976
2001,"Detroit Pistons",82,2976,6850,428,1229,1596,2169,1012,2671,3683,1860,669,397,1274,2062,7976
2001,"Vancouver Grizzlies",82,3143,6791,389,1075,1317,1798,1052,2534,3586,1935,710,476,1217,1768,7992
2001,"Denver Nuggets",82,3081,6914,416,1168,1542,2049,1012,2642,3654,2042,588,497,1075,1758,8120
2001,"Washington Wizards",82,3100,6596,433,1093,1559,2088,931,2410,3341,1902,688,511,1230,1974,8192
2001,"Golden State Warriors",82,3179,6740,439,1159,1529,2011,1039,2693,3732,2045,722,493,1348,1765,8326
2002,"Miami Heat",82,2666,6279,379,1109,1565,2127,894,2484,3378,1461,620,353,1134,1709,7276
2002,"Philadelphia 76ers",82,2771,6500,438,1322,1350,1798,981,2348,3329,1768,654,458,1208,1827,7330
2002,"San Antonio Spurs",82,2883,6775,374,1108,1283,1651,1003,2429,3432,1543,635,428,1192,1896,7423
2002,"Toronto Raptors",82,2820,6390,377,1089,1513,2011,995,2436,3431,1629,628,393,1250,1612,7530
2002,"New Jersey Nets",82,2858,6668,409,1175,1423,1890,999,2517,3516,1563,669,439,1317,1667,7548
2002,"Detroit Pistons",82,2926,6546,359,993,1349,1787,991,2511,3502,1638,651,335,1273,1874,7560
2002,"Charlotte Hornets",82,2850,6594,433,1156,1488,1938,963,2399,3362,1639,625,422,1140,1703,7621
2002,"Portland Trail Blazers",82,2951,6508,466,1285,1312,1771,890,2328,3218,1945,612,410,1208,1651,7680
2002,"Boston Celtics",82,2797,6579,514,1511,1612,2091,954,2807,3761,1802,623,476,1335,1734,7720
2002,"Los Angeles Lakers",82,2872,6777,399,1259,1577,2072,1016,2526,3542,1643,587,354,1148,1890,7720
2002,"Washington Wizards",82,2953,6534,422,1191,1396,1849,960,2376,3336,1818,573,414,1095,1713,7724
2002,"Seattle SuperSonics",82,2966,6605,472,1374,1362,1844,1091,2326,3417,1832,568,400,1254,1627,7766
2002,"Utah Jazz",82,2777,6218,465,1215,1779,2308,927,2204,3131,1585,748,548,1371,2069,7798
2002,"New York Knicks",82,2924,6570,443,1256,1550,2047,959,2540,3499,1762,686,385,1103,1670,7841
2002,"Phoenix Suns",82,2957,6663,433,1208,1511,2013,1030,2493,3523,1821,685,475,1265,1521,7858
2002,"Minnesota Timberwolves",82,2962,6654,492,1321,1452,1958,912,2326,3238,1855,542,407,1097,1676,7868
2002,"Los Angeles Clippers",82,3074,6866,407,1145,1329,1783,1064,2379,3443,1859,612,439,1055,1775,7884
2002,"Indiana Pacers",82,2977,6800,418,1200,1544,2062,1048,2514,3562,1771,618,466,1173,1855,7916
2002,"Sacramento Kings",82,3128,7108,386,1145,1312,1764,1065,2617,3682,1839,633,387,1246,1827,7954
2002,"Houston Rockets",82,3191,6875,370,1028,1221,1623,1045,2507,3552,1838,576,415,988,1647,7973
2002,"Memphis Grizzlies",82,3119,6829,398,1112,1346,1788,1135,2560,3695,1961,781,457,1207,1784,7982
2002,"Milwaukee Bucks",82,3016,6846,493,1377,1489,1967,1050,2438,3488,1883,599,361,1054,1642,8014
2002,"Chicago Bulls",82,3027,6514,421,1177,1560,2090,944,2553,3497,2066,681,399,1178,1720,8035
2002,"Denver Nuggets",82,3005,6540,424,1173,1602,2144,995,2529,3524,1968,671,560,1173,1646,8036
2002,"Atlanta Hawks",82,3065,6675,472,1329,1456,1957,1004,2523,3527,1856,705,509,1239,1647,8058
2002,"Cleveland Cavaliers",82,3053,6678,473,1200,1506,2014,928,2382,3310,1989,602,459,1063,1638,8085
2002,"Orlando Magic",82,3116,6828,409,1161,1470,1994,1086,2633,3719,1930,659,384,1292,1740,8111
2002,"Dallas Mavericks",82,3094,6851,452,1293,1640,2184,1065,2600,3665,1865,589,377,1155,1788,8280
2002,"Golden State Warriors",82,3213,6993,404,1162,1622,2125,1100,2450,3550,2002,706,512,1176,1949,8452
2003,"Detroit Pistons",82,2744,6269,289,839,1413,1895,859,2528,3387,1501,568,355,1149,1904,7190
2003,"New Jersey Nets",82,2757,6461,425,1185,1453,1941,932,2461,3393,1607,693,423,1358,1880,7392
2003,"San Antonio Spurs",82,2862,6703,354,1043,1334,1737,1029,2322,3351,1559,665,422,1231,1915,7412
2003,"Miami Heat",82,2713,6208,406,1149,1598,2129,872,2587,3459,1482,626,436,1173,1671,7430
2003,"New Orleans Hornets",82,2857,6518,338,1001,1474,1925,909,2368,3277,1630,647,427,1196,1754,7526
2003,"Seattle SuperSonics",82,2871,6424,472,1371,1351,1821,938,2462,3400,1703,500,409,1209,1671,7565
2003,"Utah Jazz",82,2751,6346,437,1252,1627,2143,1011,2120,3131,1601,723,427,1305,1950,7566
2003,"Houston Rockets",82,2891,6681,386,1113,1399,1805,979,2353,3332,1683,663,381,1082,1794,7567
2003,"Denver Nuggets",82,2696,6087,420,1134,1768,2337,861,2443,3304,1764,742,538,1405,1789,7580
2003,"Washington Wizards",82,2877,6507,449,1242,1382,1792,949,2447,3396,1776,612,358,1171,1804,7585
2003,"Portland Trail Blazers",82,2942,6540,438,1285,1267,1659,912,2292,3204,1863,683,391,1270,1670,7589
2003,"Boston Celtics",82,2804,6450,463,1400,1560,2084,937,2750,3687,1824,617,367,1315,1798,7631
2003,"Indiana Pacers",82,2860,6690,407,1197,1527,1992,1006,2458,3464,1696,620,513,1258,1923,7654
2003,"Phoenix Suns",82,2913,6658,436,1361,1479,1932,1031,2487,3518,1824,639,453,1309,1763,7741
2003,"Philadelphia 76ers",82,2876,6363,453,1278,1547,2035,908,2400,3308,1809,639,521,1405,1885,7752
2003,"Dallas Mavericks",82,2926,6687,477,1401,1477,2032,1045,2682,3727,1781,547,322,1316,1746,7806
2003,"Sacramento Kings",82,2991,7125,373,1166,1454,1962,1145,2614,3759,1759,684,356,1262,1635,7809
2003,"Minnesota Timberwolves",82,3005,6873,472,1362,1394,1853,974,2444,3418,1871,571,405,1116,1686,7876
2003,"Toronto Raptors",82,3037,6592,370,986,1490,1964,976,2601,3577,1729,604,406,1125,1702,7934
2003,"New York Knicks",82,2961,6478,358,1053,1691,2193,935,2613,3548,1732,627,308,1179,1631,7971
2003,"Atlanta Hawks",82,3015,6908,446,1243,1530,2013,1073,2420,3493,1771,738,409,1068,1668,8006
2003,"Los Angeles Clippers",82,3035,6787,454,1244,1507,1946,1046,2460,3506,1840,652,418,1152,1844,8031
2003,"Los Angeles Lakers",82,2976,6725,465,1223,1622,2133,957,2495,3452,1753,644,311,1190,1916,8039
2003,"Orlando Magic",82,3007,6602,405,1211,1648,2150,970,2596,3566,1837,643,411,1341,1823,8067
2003,"Milwaukee Bucks",82,3043,6641,479,1278,1574,2114,1021,2541,3562,1892,543,333,1182,1685,8139
2003,"Chicago Bulls",82,2991,6817,431,1333,1794,2394,1117,2572,3689,1949,768,413,1208,1796,8207
2003,"Memphis Grizzlies",82,3224,7008,431,1188,1381,1819,1126,2555,3681,1991,714,430,1213,1782,8260
2003,"Cleveland Cavaliers",82,3072,6786,428,1197,1712,2219,932,2491,3423,1972,802,494,1162,1709,8284
2003,"Golden State Warriors",82,3240,7175,438,1177,1575,2084,1204,2388,3592,1934,710,491,1121,1936,8493
2004,"San Antonio Spurs",82,2613,6388,311,951,1372,1844,909,2459,3368,1419,635,380,1254,1837,6909
2004,"Detroit Pistons",82,2633,6378,356,1180,1287,1730,980,2353,3333,1561,649,410,1310,1877,6909
2004,"Indiana Pacers",82,2671,6180,329,1014,1350,1800,867,2423,3290,1649,582,512,1301,1794,7021
2004,"New Jersey Nets",82,2693,6302,418,1193,1392,1830,873,2471,3344,1627,656,374,1321,1739,7196
2004,"Houston Rockets",82,2636,6405,457,1227,1491,2024,907,2351,3258,1689,710,359,1103,1695,7220
2004,"Toronto Raptors",82,2722,6365,273,889,1536,2055,1034,2662,3696,1518,590,333,1196,1619,7253
2004,"Minnesota Timberwolves",82,2741,6625,395,1181,1426,1893,1001,2400,3401,1701,547,296,1106,1656,7303
2004,"Miami Heat",82,2658,6205,431,1256,1612,2100,892,2486,3378,1526,578,439,1207,1729,7359
2004,"Utah Jazz",82,2541,5879,415,1209,1874,2431,868,2131,2999,1528,666,530,1262,1999,7371
2004,"Philadelphia 76ers",82,2751,6369,443,1329,1474,1982,996,2398,3394,1747,678,463,1245,1757,7419
2004,"New Orleans Hornets",82,2843,6443,444,1301,1407,1877,972,2477,3449,1790,613,429,1282,1734,7537
2004,"Portland Trail Blazers",82,2954,6567,417,1222,1219,1618,1016,2292,3308,1912,657,390,1120,1534,7544
2004,"New York Knicks",82,2785,6491,415,1228,1678,2198,950,2444,3394,1676,675,383,1132,1600,7663
2004,"Golden State Warriors",82,2948,6630,414,1107,1399,1875,981,2532,3513,1762,666,418,1145,1801,7709
2004,"Memphis Grizzlies",82,2859,6550,369,1091,1643,2150,1099,2508,3607,1674,673,461,1395,1891,7730
2004,"Los Angeles Lakers",82,2920,6640,420,1247,1472,1964,922,2558,3480,1708,616,308,1254,2024,7732
2004,"Cleveland Cavaliers",82,2956,6759,431,1162,1491,1990,971,2475,3446,1783,635,434,1071,1656,7834
2004,"Chicago Bulls",82,2882,6611,439,1235,1673,2238,1011,2682,3693,1890,694,446,1250,1684,7876
2004,"Denver Nuggets",82,3019,6662,376,1056,1470,2020,1056,2465,3521,1931,664,479,1399,1895,7884
2004,"Boston Celtics",82,2894,6626,555,1534,1587,2156,1069,2524,3593,1882,719,408,1406,1819,7930
2004,"Milwaukee Bucks",82,3034,6719,456,1296,1428,1932,983,2521,3504,1870,615,406,1164,1878,7952
2004,"Washington Wizards",82,3061,6740,424,1238,1444,1874,1048,2520,3568,1966,786,448,1321,1783,7990
2004,"Atlanta Hawks",82,2968,6740,482,1345,1574,2072,1048,2485,3533,1803,731,416,1151,1699,7992
2004,"Seattle SuperSonics",82,2980,6622,486,1394,1570,2028,1068,2430,3498,1728,629,387,1211,1658,8016
2004,"Sacramento Kings",82,3140,6920,409,1205,1333,1780,1080,2521,3601,1743,651,413,1225,1817,8022
2004,"Phoenix Suns",82,2975,6671,479,1374,1601,2093,1038,2550,3588,1760,649,431,1304,1589,8030
2004,"Los Angeles Clippers",82,3075,6687,452,1256,1545,2086,1033,2358,3391,1874,693,437,1122,1861,8147
2004,"Dallas Mavericks",82,3133,6824,534,1471,1462,1960,1009,2562,3571,1937,582,382,1242,1690,8262
2004,"Orlando Magic",82,3169,6804,491,1301,1458,1964,1072,2570,3642,2004,625,450,1111,1691,8287
2005,"San Antonio Spurs",82,2712,6359,323,881,1501,1955,893,2403,3296,1385,594,421,1240,1891,7248
2005,"Detroit Pistons",82,2791,6496,410,1213,1344,1790,928,2321,3249,1618,610,367,1135,1851,7336
2005,"Houston Rockets",82,2720,6423,454,1343,1571,2116,892,2444,3336,1696,607,335,1087,1773,7465
2005,"Memphis Grizzlies",82,2684,6215,426,1215,1679,2179,993,2387,3380,1633,612,476,1303,1853,7473
2005,"Indiana Pacers",82,2768,6284,391,1071,1637,2202,972,2416,3388,1540,549,398,1142,1883,7564
2005,"New Jersey Nets",82,2710,6167,485,1319,1714,2304,874,2503,3377,1666,601,402,1283,1881,7619
2005,"Chicago Bulls",82,2763,6548,416,1245,1716,2305,979,2524,3503,1715,685,434,1272,1914,7658
2005,"Miami Heat",82,2865,6705,441,1269,1621,2134,922,2397,3319,1620,611,264,1085,2020,7792
2005,"Minnesota Timberwolves",82,2967,6777,468,1291,1413,1880,1032,2359,3391,1783,540,323,963,1629,7815
2005,"New Orleans Hornets",82,2847,6299,494,1346,1644,2122,947,2485,3432,1742,634,452,1168,1728,7832
2005,"Cleveland Cavaliers",82,2913,6444,422,1122,1601,2135,938,2324,3262,1737,549,419,1213,1770,7849
2005,"Los Angeles Clippers",82,2936,6618,485,1317,1555,2041,986,2255,3241,1732,638,393,1122,1934,7912
2005,"Seattle SuperSonics",82,2932,6382,470,1317,1591,2124,930,2174,3104,1698,508,390,1085,1949,7925
2005,"Dallas Mavericks",82,2941,6712,451,1366,1601,2123,1072,2467,3539,1714,584,399,1278,1899,7934
2005,"Portland Trail Blazers",82,3056,6842,440,1283,1397,1851,1149,2312,3461,1923,700,414,1102,1670,7949
2005,"Utah Jazz",82,2731,5965,486,1297,2027,2653,859,2230,3089,1592,646,474,1182,2058,7975
2005,"Denver Nuggets",82,2950,6606,463,1342,1632,2189,975,2441,3416,1778,636,458,1342,1960,7995
2005,"New York Knicks",82,3001,6454,464,1276,1711,2264,969,2448,3417,1697,602,389,1195,1736,8177
2005,"Philadelphia 76ers",82,2930,6618,565,1560,1764,2299,952,2663,3615,1878,681,383,1394,1929,8189
2005,"Milwaukee Bucks",82,3098,6678,463,1349,1559,2022,935,2413,3348,1953,611,370,1067,1953,8218
2005,"Charlotte Bobcats",82,3015,6507,442,1224,1748,2279,959,2586,3545,1768,624,446,1297,1858,8220
2005,"Boston Celtics",82,2960,6664,488,1370,1825,2423,1039,2427,3466,1859,714,402,1277,1937,8233
2005,"Washington Wizards",82,3099,6748,521,1432,1549,2034,1017,2510,3527,1885,586,412,1306,1995,8268
2005,"Golden State Warriors",82,3133,6838,450,1239,1555,2087,1057,2771,3828,1858,570,417,1257,1782,8271
2005,"Toronto Raptors",82,3133,6708,435,1222,1610,2165,991,2720,3711,1814,507,360,1182,1795,8311
2005,"Sacramento Kings",82,3186,6941,471,1318,1485,2011,1102,2532,3634,1766,622,365,1204,1762,8328
2005,"Los Angeles Lakers",82,3141,6928,549,1522,1507,1931,1023,2453,3476,2001,627,420,965,1814,8338
2005,"Orlando Magic",82,3081,6826,443,1291,1739,2306,1024,2428,3452,1747,698,354,1190,1920,8344
2005,"Atlanta Hawks",82,3044,6389,467,1232,1846,2396,902,2483,3385,1803,716,484,1210,1777,8401
2005,"Phoenix Suns",82,3328,7485,494,1476,1320,1775,1233,2550,3783,1741,627,342,1131,1750,8470
2006,"Memphis Grizzlies",82,2691,6172,408,1223,1465,1942,927,2404,3331,1605,597,456,1213,1867,7255
2006,"San Antonio Spurs",82,2782,6420,300,886,1414,1912,886,2417,3303,1336,599,343,1136,1709,7278
2006,"Detroit Pistons",82,2915,6450,329,1012,1235,1677,951,2399,3350,1541,481,285,1145,1726,7394
2006,"Houston Rockets",82,2708,6310,541,1465,1560,2135,874,2477,3351,1647,582,373,1094,1716,7517
2006,"Indiana Pacers",82,2831,6504,371,1083,1511,2060,968,2416,3384,1520,661,399,1112,1800,7544
2006,"New Jersey Nets",82,2730,6222,465,1336,1654,2232,787,2599,3386,1641,589,329,1177,1889,7579
2006,"Dallas Mavericks",82,2801,6319,404,1120,1626,2163,935,2209,3144,1433,536,400,1151,1958,7632
2006,"Minnesota Timberwolves",82,2852,6474,447,1229,1525,2072,974,2411,3385,1554,539,374,1139,1736,7676
2006,"Utah Jazz",82,2730,6077,490,1297,1839,2466,871,2237,3108,1511,663,463,1166,2104,7789
2006,"Cleveland Cavaliers",82,2949,6481,459,1291,1462,1970,807,2421,3228,1666,540,357,1079,1842,7819
2006,"Los Angeles Clippers",82,2887,6638,474,1367,1593,2175,858,2432,3290,1765,570,355,1053,1777,7841
2006,"New Orleans/Oklahoma City Hornets",82,2883,6286,546,1486,1530,2014,860,2498,3358,1584,527,432,1197,1910,7842
2006,"Orlando Magic",82,2870,6327,460,1287,1672,2285,911,2239,3150,1644,615,386,1099,1899,7872
2006,"Miami Heat",82,2871,6529,490,1359,1642,2223,826,2359,3185,1596,560,298,1063,1938,7874
2006,"Los Angeles Lakers",82,2945,6547,474,1342,1585,2123,893,2399,3292,1730,536,354,1158,1925,7949
2006,"Chicago Bulls",82,2773,6515,501,1428,1921,2472,881,2541,3422,1652,611,420,1228,1883,7968
2006,"Sacramento Kings",82,3053,6726,462,1316,1412,1891,953,2503,3456,1733,656,403,1199,1886,7980
2006,"Portland Trail Blazers",82,3032,6472,498,1306,1498,1971,1029,2445,3474,1737,592,403,1060,1704,8060
2006,"Milwaukee Bucks",82,2972,6383,490,1385,1671,2237,832,2475,3307,1847,606,414,1182,1937,8105
2006,"Boston Celtics",82,2944,6462,446,1265,1825,2457,910,2369,3279,1763,688,404,1210,1837,8159
2006,"Washington Wizards",82,3014,6477,501,1379,1655,2222,964,2477,3441,1766,537,341,1326,2075,8184
2006,"Golden State Warriors",82,3047,6674,469,1335,1624,2187,985,2662,3647,1828,576,409,1258,1919,8187
2006,"Denver Nuggets",82,3070,6764,530,1480,1538,2090,965,2469,3434,1959,586,436,1323,1911,8208
2006,"Charlotte Bobcats",82,3065,6410,458,1285,1683,2283,940,2667,3607,1881,577,441,1464,1929,8271
2006,"Philadelphia 76ers",82,3100,6699,498,1420,1609,2111,974,2533,3507,1882,630,386,1269,1898,8307
2006,"Atlanta Hawks",82,3075,6433,444,1205,1768,2372,981,2335,3316,1689,597,422,1227,1855,8362
2006,"New York Knicks",82,2967,6359,565,1495,1868,2480,883,2280,3163,1744,674,437,1154,2079,8367
2006,"Phoenix Suns",82,3243,7141,516,1423,1429,1956,1028,2735,3763,1546,591,282,1218,1623,8431
2006,"Toronto Raptors",82,3164,6448,508,1363,1696,2267,835,2539,3374,1938,518,359,1165,1834,8532
2006,"Seattle SuperSonics",82,3202,6596,542,1445,1713,2255,1003,2316,3319,1973,598,399,1194,1820,8659
2007,"San Antonio Spurs",82,2860,6463,368,1101,1300,1756,829,2379,3208,1416,580,337,1176,1739,7388
2007,"Detroit Pistons",82,2819,6337,409,1205,1484,2006,973,2403,3376,1647,521,290,1205,1668,7531
2007,"Houston Rockets",82,2793,6503,472,1346,1497,2000,800,2548,3348,1588,571,353,1163,1631,7555
2007,"Dallas Mavericks",82,2790,6241,375,1074,1654,2216,839,2286,3125,1471,565,312,1190,1811,7609
2007,"Cleveland Cavaliers",82,2838,6337,405,1231,1539,2096,807,2461,3268,1649,540,349,1254,1804,7620
2007,"Chicago Bulls",82,2793,6416,484,1387,1619,2219,897,2456,3353,1675,614,433,1429,1900,7689
2007,"Orlando Magic",82,2739,6191,461,1306,1768,2327,865,2217,3082,1609,678,376,1232,1921,7707
2007,"Miami Heat",82,2895,6517,531,1495,1513,2039,921,2467,3388,1656,562,314,1185,1790,7834
2007,"Los Angeles Clippers",82,2912,6436,455,1341,1602,2142,843,2377,3220,1722,582,321,1132,1829,7881
2007,"New Orleans/Oklahoma City Hornets",82,3004,6579,559,1575,1395,1839,853,2493,3346,1703,554,392,1119,1733,7962
2007,"Philadelphia 76ers",82,3039,6570,503,1424,1452,1926,969,2404,3373,1825,606,320,1280,1801,8033
2007,"Indiana Pacers",82,2931,6416,437,1175,1741,2311,915,2499,3414,1642,644,410,1289,1942,8040
2007,"New Jersey Nets",82,2911,6476,519,1455,1723,2261,867,2526,3393,1805,584,369,1188,1886,8064
2007,"Portland Trail Blazers",82,2962,6292,467,1293,1678,2157,850,2347,3197,1703,539,380,1127,1750,8069
2007,"Atlanta Hawks",82,2953,6335,465,1236,1699,2315,948,2370,3318,1732,597,421,1247,1853,8070
2007,"Toronto Raptors",82,3051,6593,533,1491,1441,1911,848,2641,3489,1742,489,317,1241,1786,8076
2007,"Utah Jazz",82,2819,6191,506,1424,1943,2534,813,2223,3036,1552,623,438,1230,2010,8087
2007,"Boston Celtics",82,2966,6337,429,1212,1776,2376,848,2476,3324,1811,604,449,1250,1757,8137
2007,"Minnesota Timberwolves",82,3075,6689,518,1488,1510,1987,957,2438,3395,1782,583,360,1163,1679,8178
2007,"New York Knicks",82,3021,6566,573,1523,1613,2135,885,2297,3182,1748,616,406,1122,1875,8228
2007,"Charlotte Bobcats",82,2999,6450,452,1245,1802,2404,929,2562,3491,1717,603,437,1296,1786,8252
2007,"Seattle SuperSonics",82,3126,6568,519,1437,1596,2124,954,2408,3362,1870,590,341,1233,1635,8367
2007,"Phoenix Suns",82,3238,7087,504,1387,1458,1901,1008,2504,3512,1548,566,304,1242,1759,8438
2007,"Sacramento Kings",82,3147,6671,557,1524,1600,2115,907,2648,3555,1840,572,405,1335,1990,8451
2007,"Los Angeles Lakers",82,3097,6719,523,1462,1763,2320,955,2508,3463,1798,649,409,1208,1916,8480
2007,"Denver Nuggets",82,3257,7088,554,1569,1438,1945,1006,2461,3467,2010,680,424,1343,1946,8506
2007,"Milwaukee Bucks",82,3201,6673,565,1537,1564,2109,1062,2468,3530,2077,615,433,1284,1718,8531
2007,"Washington Wizards",82,3166,6700,598,1585,1668,2146,973,2551,3524,1942,519,380,1291,1927,8598
2007,"Memphis Grizzlies",82,3287,6761,576,1480,1603,2113,965,2483,3448,2062,681,450,1253,1992,8753
2007,"Golden State Warriors",82,3171,6871,609,1664,1814,2419,1074,2733,3807,2023,680,399,1525,1832,8765
2008,"Detroit Pistons",82,2727,6239,409,1233,1523,2047,865,2344,3209,1563,477,319,1108,1618,7386
2008,"Boston Celtics",82,2657,6341,485,1535,1605,2160,899,2290,3189,1539,594,389,1308,1818,7404
2008,"San Antonio Spurs",82,2857,6431,420,1227,1293,1710,776,2527,3303,1490,566,361,1058,1625,7427
2008,"Houston Rockets",82,2852,6594,433,1186,1410,1912,894,2441,3335,1548,622,379,1094,1615,7547
2008,"New Orleans Hornets",82,3038,6604,544,1552,1217,1579,815,2533,3348,1779,470,331,1136,1573,7837
2008,"Dallas Mavericks",82,2903,6551,408,1168,1648,2168,882,2419,3301,1547,536,357,999,1739,7862
2008,"Philadelphia 76ers",82,3000,6504,557,1549,1332,1726,923,2293,3216,1903,550,420,1289,1708,7889
2008,"Portland Trail Blazers",82,2983,6616,533,1499,1401,1828,957,2465,3422,1714,488,301,1026,1656,7900
2008,"Cleveland Cavaliers",82,2939,6462,506,1419,1548,2070,814,2500,3314,1721,559,388,1092,1666,7932
2008,"Toronto Raptors",82,3007,6569,619,1683,1344,1732,830,2583,3413,1797,470,333,1149,1508,7977
2008,"Orlando Magic",82,3057,6855,516,1441,1489,1975,900,2519,3419,1764,581,344,1081,1898,8119
2008,"Washington Wizards",82,3015,6537,683,1768,1418,1880,900,2478,3378,1958,529,360,1149,1656,8131
2008,"Utah Jazz",82,2896,6286,506,1419,1848,2468,844,2256,3100,1629,619,420,1305,1891,8146
2008,"Miami Heat",82,3029,6477,552,1497,1590,2105,916,2617,3533,1817,631,341,1166,1650,8200
2008,"Atlanta Hawks",82,3115,6733,512,1413,1461,1943,968,2386,3354,1825,615,421,1123,1793,8203
2008,"Chicago Bulls",82,2982,6583,571,1522,1699,2217,914,2582,3496,1794,648,465,1254,1746,8234
2008,"New Jersey Nets",82,2982,6543,534,1448,1774,2311,896,2517,3413,1810,662,362,1098,1836,8272
2008,"Los Angeles Clippers",82,3114,6670,486,1393,1574,2096,916,2657,3573,1834,590,388,1112,1773,8288
2008,"Los Angeles Lakers",82,3127,7022,554,1531,1501,1995,988,2521,3509,1793,634,368,1168,1850,8309
2008,"Charlotte Bobcats",82,3115,6684,517,1456,1571,2102,999,2588,3587,1785,625,476,1177,1721,8318
2008,"Minnesota Timberwolves",82,3056,6481,541,1516,1742,2266,871,2545,3416,1899,610,467,1103,1434,8395
2008,"New York Knicks",82,3184,6711,587,1592,1535,2078,924,2573,3497,1773,621,429,1046,1665,8490
2008,"Milwaukee Bucks",82,3147,6562,588,1530,1639,2141,872,2464,3336,1913,647,404,1125,1727,8521
2008,"Sacramento Kings",82,3137,6732,597,1600,1722,2287,970,2465,3435,1878,661,452,1250,1892,8593
2008,"Phoenix Suns",82,3368,7384,469,1329,1407,1879,1101,2498,3599,1607,601,311,1101,1731,8612
2008,"Indiana Pacers",82,3093,6817,606,1571,1850,2443,929,2800,3729,1820,663,416,1297,1782,8642
2008,"Seattle SuperSonics",82,3288,7136,607,1576,1534,2048,961,2655,3616,1997,706,440,1082,1610,8717
2008,"Memphis Grizzlies",82,3394,7076,591,1625,1387,1791,932,2721,3653,1963,711,403,1096,1842,8766
2008,"Denver Nuggets",82,3334,7303,621,1710,1481,2028,1042,2680,3722,2107,644,393,1343,1950,8770
2008,"Golden State Warriors",82,3273,6998,572,1556,1806,2378,1053,2803,3856,1939,567,413,1384,1736,8924
2009,"Cleveland Cavaliers",82,2775,6444,482,1447,1459,1895,878,2310,3188,1568,519,338,1137,1664,7491
2009,"San Antonio Spurs",82,2973,6568,447,1180,1257,1635,745,2570,3315,1481,531,352,961,1511,7650
2009,"Boston Celtics",82,2763,6418,507,1452,1626,2110,834,2249,3083,1553,585,389,1195,1820,7659
2009,"Portland Trail Blazers",82,2899,6302,487,1301,1430,1780,786,2190,2976,1590,514,319,1082,1733,7715
2009,"New Orleans Hornets",82,2851,6329,575,1625,1453,1879,822,2459,3281,1649,476,290,1089,1675,7730
2009,"Orlando Magic",82,2936,6785,444,1297,1421,1882,864,2591,3455,1488,564,308,1072,1840,7737
2009,"Houston Rockets",82,2991,6735,464,1298,1296,1730,873,2399,3272,1620,588,435,1012,1689,7742
2009,"Detroit Pistons",82,2876,6380,435,1228,1580,2039,861,2453,3314,1651,461,342,964,1612,7767
2009,"Charlotte Bobcats",82,2883,6349,558,1526,1457,1928,877,2310,3187,1604,626,488,1206,1714,7781
2009,"Atlanta Hawks",82,3002,6609,528,1496,1385,1800,955,2481,3436,1705,530,354,1121,1681,7917
2009,"Philadelphia 76ers",82,2997,6489,585,1595,1402,1792,935,2285,3220,1799,575,400,1278,1786,7981
2009,"Miami Heat",82,2920,6412,591,1519,1609,2086,896,2536,3432,1646,528,335,1246,1632,8040
2009,"Los Angeles Lakers",82,3050,6825,586,1700,1454,1931,959,2440,3399,1854,635,392,1275,1816,8140
2009,"Memphis Grizzlies",82,3018,6378,536,1510,1574,2043,842,2431,3273,1735,632,443,1194,1786,8146
2009,"Dallas Mavericks",82,3071,6752,517,1379,1522,1907,884,2509,3393,1611,589,334,1064,1645,8181
2009,"Milwaukee Bucks",82,2854,6233,562,1486,1961,2480,831,2527,3358,1730,616,376,1350,1842,8231
2009,"New Jersey Nets",82,2953,6385,600,1536,1738,2281,872,2523,3395,1793,567,393,1103,1680,8244
2009,"Denver Nuggets",82,2966,6738,601,1643,1742,2228,991,2391,3382,1756,648,447,1265,1944,8275
2009,"Utah Jazz",82,3019,6509,534,1479,1703,2233,908,2393,3301,1640,658,424,1323,1972,8275
2009,"Toronto Raptors",82,3172,6827,629,1716,1379,1759,895,2539,3434,1887,521,386,1093,1645,8352
2009,"Chicago Bulls",82,3141,6864,486,1400,1633,2077,1017,2491,3508,1723,622,449,1177,1708,8401
2009,"Minnesota Timberwolves",82,3109,6561,536,1420,1668,2145,813,2539,3352,1765,610,484,1028,1642,8422
2009,"Oklahoma City Thunder",82,3230,6799,524,1439,1468,1930,884,2496,3380,1769,697,407,1140,1656,8452
2009,"Washington Wizards",82,3164,6565,674,1740,1487,1959,934,2491,3425,2015,593,431,1140,1638,8489
2009,"Los Angeles Clippers",82,3218,6805,536,1431,1546,2035,962,2653,3615,1951,652,414,1093,1609,8518
2009,"Indiana Pacers",82,3141,6862,569,1519,1857,2431,909,2708,3617,1731,635,444,1151,1692,8708
2009,"Phoenix Suns",82,3278,7025,626,1635,1634,2108,993,2352,3345,1741,706,369,1165,1877,8816
2009,"New York Knicks",82,3378,7041,571,1625,1514,1998,954,2826,3780,1774,654,437,1188,1592,8841
2009,"Sacramento Kings",82,3281,6792,580,1430,1824,2412,1018,2592,3610,1796,704,423,1178,1737,8966
2009,"Golden State Warriors",82,3401,7273,582,1531,1828,2346,1165,2695,3860,1980,647,414,1229,1927,9212
2010,"Charlotte Bobcats",82,2925,6536,573,1696,1270,1710,868,2382,3250,1666,614,502,1256,1804,7693
2010,"Miami Heat",82,2813,6408,524,1531,1577,2091,856,2483,3339,1545,517,355,1184,1639,7727
2010,"Portland Trail Blazers",82,2950,6352,480,1399,1394,1870,801,2322,3123,1583,485,333,1104,1767,7774
2010,"Orlando Magic",82,2955,6739,522,1437,1380,1830,800,2481,3281,1550,551,288,1050,1819,7812
2010,"Boston Celtics",82,2880,6390,470,1375,1606,2152,868,2418,3286,1585,578,386,1283,1777,7836
2010,"Cleveland Cavaliers",82,2935,6633,524,1511,1444,1907,794,2366,3160,1661,542,325,1045,1708,7838
2010,"Milwaukee Bucks",82,2870,6361,438,1276,1692,2211,790,2722,3512,1581,573,421,1254,1664,7870
2010,"San Antonio Spurs",82,3025,6691,412,1200,1433,1896,814,2427,3241,1576,567,417,1032,1672,7895
2010,"Los Angeles Lakers",82,3050,6840,520,1585,1332,1776,914,2546,3460,1792,573,363,1159,1737,7952
2010,"Atlanta Hawks",82,3048,6623,480,1392,1380,1852,922,2471,3393,1719,506,359,1135,1582,7956
2010,"Oklahoma City Thunder",82,3007,6718,481,1414,1541,2018,937,2397,3334,1618,616,384,1238,1755,8036
2010,"Utah Jazz",82,2908,6471,552,1559,1741,2286,837,2376,3213,1628,632,445,1238,1818,8109
2010,"Chicago Bulls",82,3043,6885,584,1680,1457,1958,916,2589,3505,1715,578,438,1090,1643,8127
2010,"Detroit Pistons",82,2965,6172,568,1514,1630,2124,814,2420,3234,1898,549,401,1174,1702,8128
2010,"Dallas Mavericks",82,3107,6805,525,1515,1402,1849,922,2592,3514,1659,563,337,1195,1652,8141
2010,"Washington Wizards",82,3083,6664,528,1466,1590,2088,935,2530,3465,1772,569,415,1115,1684,8284
2010,"New Jersey Nets",82,3172,6593,468,1278,1511,2021,925,2683,3608,1960,638,421,1149,1647,8323
2010,"Philadelphia 76ers",82,3105,6573,606,1542,1518,1983,888,2470,3358,1810,621,332,1189,1534,8334
2010,"Los Angeles Clippers",82,3193,6792,529,1457,1455,1910,879,2490,3369,1926,686,363,1059,1588,8370
2010,"Denver Nuggets",82,3088,6766,523,1498,1695,2207,955,2513,3468,1723,578,438,1235,1943,8394
2010,"New Orleans Hornets",82,3250,6730,539,1517,1383,1841,870,2586,3456,1925,574,367,1177,1597,8422
2010,"Houston Rockets",82,3236,6810,489,1344,1464,1917,875,2632,3507,1716,597,532,1207,1840,8425
2010,"Indiana Pacers",82,3113,6875,510,1405,1774,2346,969,2852,3821,1694,654,414,1227,1709,8510
2010,"Memphis Grizzlies",82,3277,6849,572,1618,1402,1858,907,2349,3256,1875,635,501,1165,1840,8528
2010,"Sacramento Kings",82,3199,6828,497,1391,1663,2149,909,2538,3447,1683,586,468,1120,1650,8558
2010,"Phoenix Suns",82,3235,7165,561,1582,1606,2114,1081,2391,3472,1704,646,365,1065,1789,8637
2010,"Toronto Raptors",82,3194,6824,609,1665,1683,2146,933,2453,3386,1889,580,360,1040,1730,8680
2010,"New York Knicks",82,3352,6902,553,1571,1429,1896,959,2724,3683,1723,585,368,1182,1576,8686
2010,"Minnesota Timberwolves",82,3343,6961,618,1690,1534,1981,917,2640,3557,2103,721,442,1173,1686,8838
2010,"Golden State Warriors",82,3409,7033,567,1514,1832,2390,1100,2842,3942,1979,645,407,1442,1757,9217
2011,"Boston Celtics",82,2768,6371,443,1304,1494,1975,862,2387,3249,1533,574,364,1262,1659,7473
2011,"Chicago Bulls",82,2805,6523,427,1308,1450,1898,828,2322,3150,1556,568,477,1159,1645,7487
2011,"Milwaukee Bucks",82,2834,6342,437,1309,1498,1946,836,2629,3465,1657,507,392,1245,1694,7603
2011,"Orlando Magic",82,2865,6569,516,1476,1441,1940,805,2450,3255,1646,606,310,1136,1791,7687
2011,"New Orleans Hornets",82,2882,6306,557,1562,1390,1805,769,2457,3226,1739,497,396,1192,1674,7711
2011,"Miami Heat",82,2869,6614,546,1584,1473,1980,864,2349,3213,1651,574,246,1081,1788,7757
2011,"Portland Trail Blazers",82,2904,6218,529,1440,1434,1869,868,2385,3253,1573,566,339,1286,1743,7771
2011,"Los Angeles Lakers",82,3008,6888,558,1668,1246,1628,1002,2399,3401,1827,585,372,1116,1700,7820
2011,"Atlanta Hawks",82,3009,6537,459,1358,1380,1782,839,2488,3327,1751,548,348,1026,1517,7857
2011,"Dallas Mavericks",82,2996,6656,508,1480,1373,1830,880,2459,3339,1689,623,303,1114,1650,7873
2011,"Charlotte Bobcats",82,2956,6492,577,1609,1489,1908,804,2446,3250,1777,601,496,1082,1730,7978
2011,"Philadelphia 76ers",82,2996,6638,468,1375,1536,1987,881,2608,3489,1762,583,376,1168,1544,7996
2011,"Memphis Grizzlies",82,2967,6489,587,1592,1482,1948,905,2387,3292,1724,613,505,1367,1754,8003
2011,"San Antonio Spurs",82,3127,6860,479,1305,1301,1698,884,2494,3378,1685,567,374,1095,1701,8034
2011,"New Jersey Nets",82,3069,6602,507,1393,1589,2115,849,2575,3424,1824,561,375,1010,1638,8234
2011,"Detroit Pistons",82,3110,6405,523,1461,1503,1962,866,2470,3336,1910,568,381,1160,1545,8246
2011,"Indiana Pacers",82,3071,6837,511,1423,1618,2157,931,2618,3549,1670,615,467,1143,1758,8271
2011,"Oklahoma City Thunder",82,3123,6823,482,1335,1557,2093,932,2395,3327,1712,587,356,1152,1767,8285
2011,"Utah Jazz",82,2967,6460,592,1573,1777,2285,925,2426,3351,1700,609,411,1199,1802,8303
2011,"Los Angeles Clippers",82,3046,6688,584,1598,1670,2167,914,2410,3324,1827,659,404,1125,1811,8346
2011,"Denver Nuggets",82,3153,6876,576,1675,1539,2036,864,2525,3389,1820,611,488,1127,1864,8421
2011,"Houston Rockets",82,3266,6979,448,1250,1526,1954,955,2552,3507,1707,588,449,1125,1754,8506
2011,"Cleveland Cavaliers",82,3232,6804,664,1614,1438,1894,894,2676,3570,1984,619,489,1111,1747,8566
2011,"Washington Wizards",82,3174,6741,560,1500,1676,2202,994,2607,3601,1898,624,413,1293,1662,8584
2011,"Sacramento Kings",82,3260,6826,480,1353,1589,2085,868,2508,3376,1779,666,464,1204,1723,8589
2011,"Toronto Raptors",82,3213,6668,541,1438,1672,2175,912,2457,3369,1854,625,456,1141,1620,8639
2011,"Golden State Warriors",82,3173,6788,567,1586,1755,2262,1051,2623,3674,2029,672,352,1324,1512,8668
2011,"New York Knicks",82,3242,6870,536,1442,1650,2165,964,2646,3610,1682,586,360,1250,1703,8670
2011,"Phoenix Suns",82,3309,7018,585,1595,1481,1964,985,2647,3632,1890,644,356,1189,1740,8684
2011,"Minnesota Timberwolves",82,3230,6902,639,1707,1733,2227,913,2577,3490,2031,777,447,1183,1717,8832
2012,"Chicago Bulls",66,2284,5420,305,939,946,1279,750,1889,2639,1245,490,343,876,1166,5819
2012,"Boston Celtics",66,2207,5262,344,1117,1138,1498,781,2070,2851,1233,515,304,1035,1217,5896
2012,"Philadelphia 76ers",66,2263,5302,357,1070,1017,1352,706,2181,2887,1293,391,316,918,1070,5900
2012,"Miami Heat",66,2285,5267,479,1318,1056,1457,727,1897,2624,1297,549,280,1107,1356,6105
2012,"Memphis Grizzlies",66,2278,5132,417,1209,1163,1522,729,1954,2683,1274,518,363,1130,1275,6136
2012,"Atlanta Hawks",66,2380,5366,391,1137,997,1324,712,2079,2791,1354,494,313,999,1263,6148
2012,"Orlando Magic",66,2372,5287,414,1192,1005,1302,667,2061,2728,1350,495,273,867,1308,6163
2012,"New Orleans Hornets",66,2305,5188,425,1342,1129,1487,731,1910,2641,1379,523,380,915,1235,6164
2012,"Toronto Raptors",66,2234,5130,401,1224,1335,1795,677,1997,2674,1327,478,322,870,1214,6204
2012,"Indiana Pacers",66,2305,5304,442,1259,1179,1617,794,1998,2792,1292,433,398,985,1428,6231
2012,"New York Knicks",66,2316,5238,444,1238,1171,1590,717,2045,2762,1248,536,334,1125,1437,6247
2012,"Dallas Mavericks",66,2347,5390,473,1368,1092,1456,725,2173,2898,1351,561,265,971,1213,6259
2012,"Los Angeles Clippers",66,2279,5098,460,1261,1251,1678,712,1914,2626,1368,396,296,966,1401,6269
2012,"Detroit Pistons",66,2378,5147,395,1114,1162,1518,703,1985,2688,1485,563,348,959,1283,6313
2012,"Los Angeles Lakers",66,2492,5703,443,1274,901,1215,758,1946,2704,1446,556,302,745,1332,6328
2012,"San Antonio Spurs",66,2512,5560,412,1166,932,1233,680,2039,2719,1291,489,330,906,1244,6368
2012,"Oklahoma City Thunder",66,2405,5629,421,1231,1167,1519,835,1889,2724,1312,542,321,937,1322,6398
2012,"Portland Trail Blazers",66,2476,5349,442,1217,1062,1421,730,2062,2792,1392,499,314,982,1306,6456
2012,"Houston Rockets",66,2474,5427,369,1136,1142,1490,729,2027,2756,1321,495,340,972,1215,6459
2012,"Washington Wizards",66,2422,5352,426,1216,1227,1618,811,2062,2873,1420,520,300,1004,1231,6497
2012,"Phoenix Suns",66,2505,5510,398,1131,1100,1444,802,2064,2866,1416,526,288,929,1293,6508
2012,"Milwaukee Bucks",66,2449,5453,438,1247,1181,1535,813,2138,2951,1433,499,297,1049,1278,6517
2012,"Utah Jazz",66,2403,5310,428,1259,1302,1727,728,1988,2716,1355,494,375,968,1366,6536
2012,"New Jersey Nets",66,2501,5294,431,1151,1106,1494,780,2032,2812,1539,525,330,943,1274,6539
2012,"Minnesota Timberwolves",66,2572,5656,406,1195,1059,1402,771,2096,2867,1422,549,377,875,1435,6609
2012,"Cleveland Cavaliers",66,2536,5431,448,1236,1095,1464,752,2073,2825,1527,524,409,917,1381,6615
2012,"Charlotte Bobcats",66,2568,5411,406,1142,1115,1486,778,2193,2971,1537,499,378,890,1341,6657
2012,"Golden State Warriors",66,2461,5431,468,1281,1288,1725,869,2157,3026,1527,499,328,978,1095,6678
2012,"Denver Nuggets",66,2541,5569,571,1489,1029,1356,730,1928,2658,1528,524,439,1028,1452,6682
2012,"Sacramento Kings",66,2668,5609,439,1236,1118,1468,815,2154,2969,1571,518,423,1014,1313,6893
2013,"Memphis Grizzlies",82,2748,6312,504,1489,1319,1763,845,2359,3204,1599,600,450,1268,1643,7319
2013,"Indiana Pacers",81,2797,6657,440,1344,1314,1728,909,2401,3310,1555,611,459,1096,1777,7348
2013,"Chicago Bulls",82,2906,6565,453,1309,1350,1826,901,2469,3370,1545,600,477,1123,1609,7615
2013,"Los Angeles Clippers",82,2834,6397,627,1682,1465,1956,891,2315,3206,1812,606,335,1319,1712,7760
2013,"Miami Heat",82,2919,6633,624,1783,1329,1735,921,2369,3290,1655,649,262,1280,1673,7791
2013,"Brooklyn Nets",82,3066,6614,518,1415,1148,1571,878,2336,3214,1756,614,390,1102,1751,7798
2013,"Boston Celtics",81,2926,6639,550,1610,1434,1937,925,2603,3528,1752,634,378,1239,1574,7836
2013,"New York Knicks",82,2916,6365,639,1789,1378,1821,824,2591,3415,1580,523,327,1242,1576,7849
2013,"Washington Wizards",82,2944,6697,586,1680,1378,1867,903,2719,3622,1767,639,358,1193,1569,7852
2013,"Philadelphia 76ers",82,3017,6643,549,1574,1331,1752,903,2704,3607,1870,590,396,1175,1331,7914
2013,"Oklahoma City Thunder",82,2966,6972,610,1761,1372,1773,987,2350,3337,1681,673,322,1212,1698,7914
2013,"San Antonio Spurs",82,3079,6960,519,1471,1246,1639,912,2577,3489,1756,675,405,1221,1565,7923
2013,"Atlanta Hawks",82,3073,6823,620,1635,1233,1617,928,2659,3587,1825,689,350,1249,1543,7999
2013,"New Orleans Hornets",82,3030,6435,632,1688,1339,1764,835,2391,3226,1915,648,492,1086,1534,8031
2013,"Minnesota Timberwolves",82,3113,6657,576,1559,1243,1652,871,2583,3454,1832,661,481,1302,1847,8045
2013,"Utah Jazz",82,3003,6550,560,1513,1479,1953,901,2446,3347,1689,640,480,1206,1670,8045
2013,"Toronto Raptors",82,2971,6493,546,1511,1604,2148,877,2544,3421,1796,578,387,1169,1650,8092
2013,"Detroit Pistons",82,3056,6655,604,1676,1389,1823,911,2514,3425,1837,691,472,1126,1630,8105
2013,"Golden State Warriors",82,3051,6954,657,1896,1464,1958,907,2596,3503,1931,670,399,1110,1571,8223
2013,"Milwaukee Bucks",82,3152,6946,529,1519,1398,1841,1019,2757,3776,1893,658,362,1310,1567,8231
2013,"Portland Trail Blazers",82,3224,6807,521,1531,1286,1690,901,2578,3479,1944,691,359,1074,1537,8255
2013,"Los Angeles Lakers",82,3253,7180,613,1718,1167,1594,947,2551,3498,1918,696,396,1061,1891,8286
2013,"Denver Nuggets",82,3121,7025,687,1894,1358,1858,1020,2391,3411,1936,658,554,1305,1775,8287
2013,"Orlando Magic",82,3169,6842,617,1721,1336,1811,888,2618,3506,1946,592,430,1020,1353,8291
2013,"Cleveland Cavaliers",82,3109,6527,610,1639,1469,1987,889,2563,3452,1963,624,560,1249,1615,8297
2013,"Phoenix Suns",82,3181,6771,568,1464,1405,1855,958,2598,3556,1870,684,421,1258,1511,8335
2013,"Dallas Mavericks",82,3067,6890,642,1789,1566,2079,985,2752,3737,1805,698,340,1202,1547,8342
2013,"Houston Rockets",82,3184,7007,661,1798,1374,1771,876,2539,3415,1858,693,498,1210,1674,8403
2013,"Charlotte Bobcats",82,3185,6762,716,1847,1332,1784,971,2645,3616,2071,569,565,1152,1746,8418
2013,"Sacramento Kings",82,3222,6831,625,1762,1550,1980,973,2601,3574,2058,624,517,1208,1636,8619
2014,"Chicago Bulls",82,2867,6660,538,1532,1256,1668,876,2508,3384,1604,621,490,1178,1714,7528
2014,"Indiana Pacers",82,2850,6785,538,1561,1334,1768,855,2521,3376,1525,593,378,1120,1793,7572
2014,"Memphis Grizzlies",82,2924,6500,615,1731,1292,1686,809,2403,3212,1632,591,410,1162,1553,7755
2014,"Charlotte Bobcats",82,3022,6838,665,1800,1251,1649,785,2766,3551,1718,514,415,1090,1716,7960
2014,"Miami Heat",82,2961,6475,694,1917,1374,1832,886,2420,3306,1751,667,256,1369,1675,7990
2014,"San Antonio Spurs",82,3096,6976,529,1500,1285,1691,862,2600,3462,1669,628,379,1137,1585,8006
2014,"Toronto Raptors",82,2957,6573,568,1578,1557,2071,854,2505,3359,1719,596,352,1224,1815,8039
2014,"New York Knicks",82,2934,6401,713,1921,1568,2050,843,2600,3443,1618,513,277,1193,1611,8149
2014,"Washington Wizards",82,3038,6632,612,1763,1462,1912,827,2633,3460,1824,631,320,1314,1600,8150
2014,"Golden State Warriors",82,3019,6920,569,1656,1548,2023,878,2671,3549,1683,649,342,1232,1584,8155
2014,"Brooklyn Nets",82,2980,6511,662,1802,1539,2026,921,2594,3515,1723,608,337,1296,1704,8161
2014,"Oklahoma City Thunder",82,2984,6842,705,1968,1512,2080,900,2456,3356,1785,669,296,1248,1672,8185
2014,"Boston Celtics",82,3101,6675,539,1553,1517,1993,871,2596,3467,1813,609,373,1168,1564,8258
2014,"Los Angeles Clippers",82,3068,6958,595,1791,1547,2049,1011,2575,3586,1908,570,284,1261,1919,8278
2014,"Atlanta Hawks",82,3163,6843,654,1793,1341,1793,882,2688,3570,1901,672,354,1247,1643,8321
2014,"Cleveland Cavaliers",82,3097,6847,765,2083,1365,1803,841,2648,3489,2037,587,461,1144,1599,8324
2014,"Orlando Magic",82,3126,6861,659,1778,1449,1881,859,2746,3605,1848,581,445,1146,1500,8360
2014,"Utah Jazz",82,3138,6639,599,1591,1504,1945,846,2640,3486,1788,617,401,1034,1673,8379
2014,"New Orleans Pelicans",82,3055,6567,652,1827,1637,2176,881,2538,3419,1845,577,504,1185,1664,8399
2014,"Dallas Mavericks",82,3096,6673,678,1888,1530,2019,943,2569,3512,1808,635,288,1312,1633,8400
2014,"Phoenix Suns",82,3118,6840,556,1632,1621,2115,926,2586,3512,1664,613,332,1258,1749,8413
2014,"Portland Trail Blazers",82,3248,7203,534,1504,1396,1822,944,2622,3566,1675,639,304,984,1698,8426
2014,"Houston Rockets",82,3197,7218,666,1889,1395,1844,977,2439,3416,1821,704,460,1149,1993,8455
2014,"Sacramento Kings",82,3103,6734,696,1833,1577,2139,813,2568,3381,1927,637,459,1116,1897,8479
2014,"Milwaukee Bucks",82,3146,6722,697,1826,1511,2011,961,2608,3569,1870,640,413,1158,1690,8500
2014,"Minnesota Timberwolves",82,3321,7048,663,1820,1244,1645,908,2717,3625,1875,644,457,1346,1936,8549
2014,"Detroit Pistons",82,3208,6820,683,1872,1487,1967,913,2612,3525,2001,670,403,1230,1699,8586
2014,"Denver Nuggets",82,3238,7086,605,1724,1654,2168,930,2665,3595,1843,694,459,1178,1778,8735
2014,"Los Angeles Lakers",82,3440,7350,666,1843,1412,1942,1068,2950,4018,2112,790,387,1164,1580,8958
2014,"Philadelphia 76ers",82,3284,6975,739,1998,1705,2261,976,2871,3847,2144,736,558,1391,1686,9012
2015,"Utah Jazz",82,2935,6587,604,1670,1309,1760,811,2406,3217,1594,674,382,1076,1604,7783
2015,"Memphis Grizzlies",82,2954,6684,663,1889,1225,1651,864,2616,3480,1652,604,424,1257,1662,7796
2015,"San Antonio Spurs",82,3044,6861,558,1550,1307,1754,813,2643,3456,1699,648,362,1167,1613,7953
2015,"Indiana Pacers",82,2949,6784,591,1713,1469,1951,800,2704,3504,1633,617,386,1045,1754,7958
2015,"Atlanta Hawks",82,2991,6815,720,2112,1262,1651,948,2631,3579,1931,604,404,1317,1611,7964
2015,"Miami Heat",82,2960,6523,666,1887,1391,1905,894,2467,3361,1748,646,359,1215,1715,7977
2015,"Charlotte Hornets",82,3020,6863,649,1816,1292,1673,728,2890,3618,1815,502,440,1033,1708,7981
2015,"Milwaukee Bucks",82,2917,6681,676,1974,1478,1993,938,2576,3514,1831,708,392,1425,1649,7988
2015,"Chicago Bulls",82,3095,7109,538,1605,1291,1723,963,2598,3561,1657,614,443,1000,1736,8019
2015,"Washington Wizards",82,2965,6844,657,1885,1434,1942,821,2599,3420,1634,655,350,1145,1610,8021
2015,"New Orleans Pelicans",82,3108,6814,537,1605,1329,1751,870,2537,3407,1700,555,475,1003,1533,8082
2015,"Portland Trail Blazers",82,3130,7123,524,1552,1298,1713,902,2754,3656,1669,655,297,999,1534,8082
2015,"Cleveland Cavaliers",82,3121,6850,634,1848,1214,1629,885,2487,3372,1974,642,368,1092,1685,8090
2015,"Detroit Pistons",82,3106,6817,635,1789,1312,1699,877,2740,3617,1949,572,391,1146,1584,8159
2015,"Golden State Warriors",82,3031,7084,592,1757,1534,2011,963,2690,3653,1718,680,293,1329,1541,8188
2015,"Los Angeles Clippers",82,2984,6745,683,1959,1560,2105,868,2649,3517,1904,548,245,1171,1766,8211
2015,"Houston Rockets",82,3092,6983,605,1881,1451,1932,973,2621,3594,1752,726,437,1342,1730,8240
2015,"Brooklyn Nets",82,3150,6913,696,1944,1278,1748,937,2699,3636,1944,643,372,1137,1641,8274
2015,"Toronto Raptors",82,3116,6787,633,1828,1410,1923,922,2559,3481,1870,567,413,1182,1668,8275
2015,"Philadelphia 76ers",82,3045,6785,658,1879,1530,2023,940,2853,3793,1942,779,454,1374,1657,8278
2015,"Boston Celtics",82,3125,6943,607,1804,1442,1909,893,2772,3665,1798,583,431,1239,1545,8299
2015,"New York Knicks",82,3031,6592,694,1825,1543,2032,898,2669,3567,1783,659,353,1153,1564,8299
2015,"Orlando Magic",82,3112,6720,682,1853,1410,1878,825,2739,3564,1921,635,441,1185,1467,8316
2015,"Oklahoma City Thunder",82,3085,7008,681,1984,1494,2005,917,2587,3504,1815,642,377,1118,1675,8345
2015,"Dallas Mavericks",82,3117,6930,741,2034,1415,1879,1006,2778,3784,1830,602,314,1339,1816,8390
2015,"Phoenix Suns",82,3149,6972,633,1798,1540,2030,951,2766,3717,1734,651,337,1276,1664,8471
2015,"Denver Nuggets",82,3164,6909,631,1823,1652,2208,899,2798,3697,1894,611,504,1177,1698,8611
2015,"Sacramento Kings",82,3238,7094,718,2055,1420,1898,898,2479,3377,1912,712,508,1059,1958,8614
2015,"Los Angeles Lakers",82,3180,6817,697,1921,1577,2118,824,2797,3621,1966,611,396,1068,1589,8634
2015,"Minnesota Timberwolves",82,3373,6933,697,1897,1294,1704,953,2619,3572,1933,686,449,1243,1751,8737
2016,"San Antonio Spurs",82,2928,6709,541,1634,1221,1611,747,2576,3323,1707,592,317,1214,1597,7618
2016,"Utah Jazz",82,2920,6549,649,1819,1374,1842,764,2522,3286,1568,652,385,1146,1629,7863
2016,"Toronto Raptors",82,2991,6732,717,1922,1354,1809,782,2561,3343,1781,534,442,1094,1801,8053
2016,"Cleveland Cavaliers",82,3019,6736,647,1862,1378,1855,760,2604,3364,1756,590,362,1092,1690,8063
2016,"Miami Heat",82,3054,6914,605,1742,1356,1761,803,2580,3383,1657,612,337,1060,1608,8069
2016,"Atlanta Hawks",82,3046,7058,679,2008,1366,1810,944,2869,3813,1808,706,411,1324,1500,8137
2016,"Los Angeles Clippers",82,3015,6946,645,1909,1543,2055,968,2861,3829,1740,583,259,1260,1842,8218
2016,"Indiana Pacers",82,3065,6962,679,2035,1428,1901,877,2774,3651,1707,634,366,1297,1676,8237
2016,"Charlotte Hornets",82,3098,6971,726,2081,1334,1735,726,2936,3662,1901,553,448,1102,1670,8256
2016,"New York Knicks",82,3114,7035,626,1837,1435,1904,890,2733,3623,1703,589,343,927,1520,8289
2016,"Memphis Grizzlies",82,2947,6459,797,2185,1619,2107,830,2711,3541,1792,576,469,1327,1732,8310
2016,"Detroit Pistons",82,3182,6903,596,1679,1351,1726,725,2763,3488,1766,583,366,1099,1773,8311
2016,"Boston Celtics",82,3075,6973,643,1912,1613,2136,932,2838,3770,1715,622,450,1348,1718,8406
2016,"Dallas Mavericks",82,3144,6971,743,2170,1382,1873,868,2887,3755,1800,617,363,1142,1757,8413
2016,"Oklahoma City Thunder",82,3150,7192,667,1949,1474,1950,923,2373,3296,1767,719,373,1068,1653,8441
2016,"Chicago Bulls",82,3234,7333,651,1885,1337,1813,969,2798,3767,1848,655,465,974,1535,8456
2016,"Milwaukee Bucks",82,3097,6817,765,2171,1506,1961,942,2583,3525,2013,679,462,1269,1600,8465
2016,"Orlando Magic",82,3150,6850,732,2041,1470,1971,832,2800,3632,1899,620,448,1240,1497,8502
2016,"Golden State Warriors",82,3188,7330,640,1928,1523,2013,937,2662,3599,1823,710,336,1185,1627,8539
2016,"Portland Trail Blazers",82,3146,6945,700,1888,1562,2129,867,2716,3583,1770,630,424,1088,1597,8554
2016,"Washington Wizards",82,3170,6868,737,1987,1498,1947,773,2858,3631,1846,661,356,1325,1651,8575
2016,"Denver Nuggets",82,3182,6904,754,2033,1491,1958,799,2700,3499,1924,660,517,1122,1712,8609
2016,"Minnesota Timberwolves",82,3276,6962,742,2089,1394,1842,877,2558,3435,1857,638,427,1220,1768,8688
2016,"Brooklyn Nets",82,3345,6984,775,2100,1227,1608,840,2719,3559,2006,720,430,1162,1510,8692
2016,"Houston Rockets",82,3200,6977,796,2206,1525,2018,970,2690,3660,2015,734,404,1361,1847,8721
2016,"New Orleans Pelicans",82,3218,6877,754,2043,1544,1972,730,2912,3642,1899,602,423,1127,1630,8734
2016,"Los Angeles Lakers",82,3323,7023,700,2016,1420,1942,897,2915,3812,2022,617,458,1037,1573,8766
2016,"Phoenix Suns",82,3208,6870,770,2041,1631,2177,813,2770,3583,1836,782,449,1224,1770,8817
2016,"Philadelphia 76ers",82,3253,7005,638,1776,1683,2141,913,2987,3900,1919,711,466,1241,1571,8827
2016,"Sacramento Kings",82,3327,7194,839,2293,1450,1902,926,2765,3691,1986,722,437,1308,1800,8943
2017,"Utah Jazz",82,2978,6723,671,1874,1308,1701,742,2554,3296,1463,598,312,995,1655,7935
2017,"San Antonio Spurs",82,3032,6839,668,1942,1315,1705,800,2600,3400,1757,614,333,1184,1623,8047
2017,"Memphis Grizzlies",82,2864,6465,813,2299,1658,2202,761,2692,3453,1645,574,410,1171,1708,8199
2017,"Dallas Mavericks",82,3035,6477,788,2074,1411,1827,727,2923,3650,1743,535,280,1225,1591,8269
2017,"Miami Heat",82,3108,6904,639,1864,1518,1940,837,2737,3574,1611,556,398,1121,1530,8373
2017,"Chicago Bulls",82,3236,7099,731,2121,1197,1555,843,2698,3541,1939,602,378,1100,1541,8400
2017,"Detroit Pistons",82,3144,6830,767,2098,1346,1726,656,2861,3517,1929,551,339,1046,1434,8401
2017,"Toronto Raptors",82,3052,6801,794,2240,1519,1948,831,2619,3450,1786,547,392,1200,1666,8417
2017,"Milwaukee Bucks",82,3116,6802,816,2312,1464,1900,845,2636,3481,1974,609,375,1205,1579,8512
2017,"Atlanta Hawks",82,3178,7155,893,2502,1280,1658,876,2722,3598,1919,738,424,1262,1768,8529
2017,"Golden State Warriors",82,3181,7311,737,2277,1450,1905,963,2604,3567,1862,705,313,1272,1588,8549
2017,"Los Angeles Clippers",82,3163,6999,753,2154,1480,1917,837,2700,3537,1891,577,258,1084,1835,8559
2017,"Charlotte Hornets",82,3237,7092,950,2576,1161,1496,732,2909,3641,2012,539,450,1071,1631,8585
2017,"Indiana Pacers",82,3115,6909,849,2389,1557,1974,879,2751,3630,1832,661,407,1225,1599,8636
2017,"Boston Celtics",82,3168,7035,735,2213,1570,2042,883,2769,3652,1851,623,425,1141,1664,8641
2017,"Oklahoma City Thunder",82,3215,6998,724,2036,1525,1996,750,2583,3333,1758,698,450,1129,1697,8679
2017,"New Orleans Pelicans",82,3286,7299,863,2445,1293,1697,872,3091,3963,1921,603,348,1144,1581,8728
2017,"Minnesota Timberwolves",82,3246,6829,811,2213,1445,1881,806,2508,3314,1896,629,413,1169,1681,8748
2017,"Sacramento Kings",82,3153,6824,896,2462,1546,1988,826,2689,3515,1941,694,420,1145,1646,8748
2017,"Cleveland Cavaliers",82,3333,7284,850,2353,1271,1644,902,2724,3626,2024,598,349,1033,1690,8787
2017,"Washington Wizards",82,3253,6978,810,2224,1489,1982,868,2661,3529,1870,606,377,1257,1621,8805
2017,"Orlando Magic",82,3304,7081,794,2161,1425,1860,799,2934,3733,1936,622,419,1069,1532,8827
2017,"New York Knicks",82,3259,7163,806,2313,1533,1988,953,2715,3668,1786,615,377,1060,1516,8857
2017,"Philadelphia 76ers",82,3244,7043,729,2044,1650,2135,886,2802,3688,1859,704,446,1241,1610,8867
2017,"Portland Trail Blazers",82,3213,7069,762,2058,1706,2173,830,2778,3608,1688,633,431,1052,1624,8894
2017,"Houston Rockets",82,3375,7286,820,2389,1415,1819,878,2735,3613,1979,697,409,1235,1674,8985
2017,"Denver Nuggets",82,3454,7248,808,2153,1403,1794,770,2576,3346,1972,681,404,982,1653,9119
2017,"Los Angeles Lakers",82,3405,7053,830,2245,1499,1966,843,2801,3644,2110,698,440,1188,1520,9139
2017,"Brooklyn Nets",82,3414,7449,816,2232,1581,2049,902,2965,3867,1888,780,457,1092,1671,9225
2017,"Phoenix Suns",82,3300,7070,825,2159,1868,2387,840,2772,3612,1818,663,435,1222,1822,9293
2018,"Utah Jazz",82,3057,6804,778,2131,1295,1680,710,2702,3412,1636,678,380,1224,1683,8187
2018,"San Antonio Spurs",82,3131,6911,750,2154,1175,1549,756,2731,3487,1786,622,318,1155,1619,8187
2018,"Boston Celtics",82,3066,6973,769,2270,1334,1748,791,2804,3595,1744,594,364,1159,1571,8235
2018,"Miami Heat",82,3090,6873,785,2181,1476,1885,744,2791,3535,1720,616,378,1160,1587,8441
2018,"Portland Trail Blazers",82,3146,7042,794,2179,1362,1803,763,2755,3518,1655,602,418,1036,1564,8448
2018,"Toronto Raptors",82,3149,7017,731,2046,1489,1941,806,2672,3478,1785,588,401,1176,1633,8518
2018,"Houston Rockets",82,3244,7017,829,2365,1201,1610,710,2738,3448,1837,609,363,1193,1670,8518
2018,"Detroit Pistons",82,3206,6988,908,2527,1201,1548,756,2833,3589,2064,597,398,1215,1511,8521
2018,"Indiana Pacers",82,3230,6953,870,2496,1213,1602,837,2685,3522,1905,577,428,1272,1514,8543
2018,"Oklahoma City Thunder",82,3156,6885,920,2507,1332,1733,781,2676,3457,1911,630,377,1314,1750,8564
2018,"Philadelphia 76ers",82,3120,7185,829,2427,1566,2102,818,2641,3459,1782,697,417,1173,1670,8635
2018,"Dallas Mavericks",82,3219,6870,874,2411,1327,1754,725,3027,3752,1929,594,369,1126,1604,8639
2018,"Memphis Grizzlies",82,3046,6587,874,2377,1688,2196,782,2703,3485,1816,662,421,1211,1674,8654
2018,"Sacramento Kings",82,3177,6759,976,2586,1347,1760,745,2843,3588,1939,636,389,1175,1422,8677
2018,"Washington Wizards",82,3195,6918,835,2393,1469,1931,805,2682,3487,1831,641,383,1223,1639,8694
2018,"Milwaukee Bucks",82,3209,6864,829,2226,1509,1926,817,2686,3503,1939,585,366,1279,1633,8756
2018,"Minnesota Timberwolves",82,3298,6942,890,2431,1311,1683,803,2626,3429,1962,529,382,1238,1711,8797
2018,"Golden State Warriors",82,3296,7380,853,2392,1369,1807,893,2592,3485,1934,717,301,1175,1516,8814
2018,"Charlotte Hornets",82,3370,7199,926,2467,1187,1494,692,2891,3583,2029,542,404,1112,1839,8853
2018,"New York Knicks",82,3233,7078,917,2494,1475,1906,838,2702,3540,1965,670,389,1094,1509,8858
2018,"Orlando Magic",82,3355,7176,819,2260,1345,1741,868,2892,3760,1998,639,402,1166,1556,8874
2018,"Denver Nuggets",82,3386,7113,893,2364,1234,1671,800,2613,3413,2028,654,391,1131,1699,8899
2018,"Atlanta Hawks",82,3336,7107,949,2519,1301,1686,841,2785,3626,2137,710,453,1238,1661,8922
2018,"Los Angeles Clippers",82,3298,7194,881,2477,1457,1864,871,2706,3577,2015,699,462,1154,1803,8934
2018,"Los Angeles Lakers",82,3366,7374,855,2469,1402,1843,840,2835,3675,1932,682,447,1170,1679,8989
2018,"Cleveland Cavaliers",82,3429,7238,956,2596,1200,1588,812,2766,3578,2122,613,340,1105,1696,9014
2018,"Chicago Bulls",82,3360,7115,990,2678,1307,1660,691,3053,3744,2123,588,423,1112,1425,9017
2018,"Brooklyn Nets",82,3418,7334,741,2010,1471,1921,853,2981,3834,1782,630,450,1015,1615,9048
2018,"New Orleans Pelicans",82,3423,7539,891,2509,1317,1679,887,2843,3730,1947,670,344,1186,1669,9054
2018,"Phoenix Suns",82,3426,7274,895,2398,1543,2014,855,2906,3761,1910,712,488,1098,1715,9290
2019,"Indiana Pacers",82,3177,7059,932,2633,1298,1718,862,2718,3580,2006,608,425,1284,1642,8584
2019,"Miami Heat",82,3141,7116,973,2717,1432,1861,831,2792,3623,1913,612,389,1159,1652,8687
2019,"Memphis Grizzlies",82,3083,6836,951,2639,1586,2023,781,2883,3664,1920,625,402,1249,1758,8703
2019,"Utah Jazz",82,3276,7253,806,2273,1372,1822,733,2762,3495,1770,695,376,1136,1835,8730
2019,"Orlando Magic",82,3274,7185,858,2475,1336,1717,739,2922,3661,1892,575,362,1064,1537,8742
2019,"Denver Nuggets",82,3246,7084,887,2618,1372,1822,799,2685,3484,2016,610,407,1109,1675,8751
2019,"Detroit Pistons",82,3271,6969,786,2278,1470,1947,747,2834,3581,1940,566,419,1153,1748,8798
2019,"Boston Celtics",82,3239,7222,944,2748,1430,1872,852,2912,3764,1940,556,317,1241,1602,8852
2019,"Toronto Raptors",82,3302,7352,882,2559,1399,1829,867,2804,3671,2012,622,368,1225,1683,8885
2019,"Houston Rockets",82,3313,7106,831,2444,1493,1944,899,2825,3724,1929,607,369,1232,1640,8950
2019,"Milwaukee Bucks",82,3322,7669,1073,2976,1242,1694,813,2902,3715,2031,557,395,1096,1653,8959
2019,"San Antonio Spurs",82,3404,7354,961,2678,1249,1654,756,2844,3600,2025,589,332,999,1611,9018
2019,"Dallas Mavericks",82,3357,7315,918,2667,1400,1802,836,2840,3676,2011,643,368,1065,1905,9032
2019,"Portland Trail Blazers",82,3371,7384,878,2443,1438,1868,842,2670,3512,1906,603,420,1014,1699,9058
2019,"Oklahoma City Thunder",82,3343,7272,922,2592,1500,1971,811,2936,3747,2039,672,415,1372,1844,9108
2019,"Golden State Warriors",82,3315,7471,955,2753,1535,1987,886,2750,3636,1989,630,295,1105,1601,9120
2019,"Charlotte Hornets",82,3436,7311,992,2748,1307,1660,825,2931,3756,2133,565,492,1109,1686,9171
2019,"Brooklyn Nets",82,3460,7581,848,2486,1442,1872,902,2889,3791,1944,638,432,1104,1807,9210
2019,"Philadelphia 76ers",82,3418,7506,843,2464,1545,2011,823,2743,3566,1917,634,336,1045,1816,9224
2019,"Chicago Bulls",82,3464,7316,990,2709,1377,1805,824,2984,3808,2094,600,473,1092,1534,9295
2019,"Los Angeles Lakers",82,3438,7610,971,2784,1459,1862,924,2918,3842,2053,683,421,1167,1706,9306
2019,"New York Knicks",82,3434,7352,969,2673,1493,1948,881,3016,3897,2098,607,458,1084,1708,9330
2019,"Minnesota Timberwolves",82,3452,7386,1041,2752,1401,1827,921,2822,3743,2145,539,455,1209,1795,9346
2019,"Cleveland Cavaliers",82,3539,7148,984,2590,1293,1680,782,2835,3617,2107,568,459,1022,1592,9355
2019,"Los Angeles Clippers",82,3423,7490,849,2477,1677,2159,925,2826,3751,1976,677,498,1081,1969,9372
2019,"Sacramento Kings",82,3465,7430,986,2837,1539,1998,917,3015,3932,2024,618,420,1304,1753,9455
2019,"New Orleans Pelicans",82,3549,7610,1006,2766,1471,1926,898,2855,3753,2174,702,445,1113,1722,9575
2019,"Phoenix Suns",82,3482,7230,912,2454,1705,2263,971,2897,3868,2126,737,411,1285,1694,9581
2019,"Washington Wizards",82,3560,7424,994,2689,1474,1895,936,2939,3875,2151,631,378,1292,1741,9588
2019,"Atlanta Hawks",82,3508,7417,1013,2820,1759,2321,871,2904,3775,2202,810,448,1234,1817,9788
2020,"Charlotte Hornets",65,2708,5690,803,2279,907,1197,711,2276,2987,1732,523,328,935,1337,7126
2020,"Chicago Bulls",65,2568,5364,726,2057,1283,1691,660,2299,2959,1653,530,384,1187,1246,7145
2020,"Detroit Pistons",66,2768,5764,705,1952,1072,1379,668,2204,2872,1625,543,369,923,1308,7313
2020,"New York Knicks",66,2631,5678,877,2303,1270,1696,632,2284,2916,1605,474,333,907,1305,7409
2020,"Cleveland Cavaliers",65,2851,5811,804,2143,955,1245,633,2154,2787,1699,613,412,844,1277,7461
2020,"Golden State Warriors",65,2743,5760,879,2261,1113,1422,661,2359,3020,1698,536,321,1016,1308,7478
2020,"Minnesota Timberwolves",64,2760,5786,740,2040,1263,1613,647,2383,3030,1560,499,355,992,1383,7523
2020,"Los Angeles Lakers",71,2773,6187,827,2373,1270,1626,668,2333,3001,1662,585,263,1130,1544,7643
2020,"Toronto Raptors",72,2721,6359,943,2798,1284,1670,786,2530,3316,1841,520,395,1212,1466,7669
2020,"Boston Celtics",72,2764,6268,851,2504,1350,1761,743,2449,3192,1613,514,396,1097,1487,7729
2020,"Oklahoma City Thunder",72,2937,6454,814,2395,1119,1408,754,2472,3226,1656,505,290,1024,1641,7807
2020,"Utah Jazz",72,2930,6417,790,2235,1185,1545,688,2386,3074,1548,566,329,889,1501,7835
2020,"Indiana Pacers",73,2883,6459,837,2455,1243,1577,757,2545,3302,1686,504,335,1071,1373,7846
2020,"Orlando Magic",73,2949,6343,893,2453,1114,1445,660,2616,3276,1804,511,338,1065,1420,7905
2020,"Philadelphia 76ers",73,2905,6275,759,2148,1341,1786,628,2426,3054,1661,510,294,1009,1493,7910
2020,"Los Angeles Clippers",72,2846,6494,886,2566,1335,1766,771,2491,3262,1709,540,338,1013,1647,7913
2020,"Milwaukee Bucks",73,2843,6862,1020,2871,1221,1551,693,2651,3344,1764,538,326,1030,1586,7927
2020,"Miami Heat",73,2831,6326,956,2753,1346,1720,674,2431,3105,1794,545,302,1022,1584,7964
2020,"Denver Nuggets",73,2919,6311,885,2473,1247,1643,736,2377,3113,1852,525,324,1041,1494,7970
2020,"Atlanta Hawks",67,2903,6078,797,2194,1419,1839,748,2402,3150,1674,600,428,1006,1404,8022
2020,"Sacramento Kings",72,2898,6158,894,2506,1384,1752,654,2481,3135,1791,557,304,1094,1404,8074
2020,"Brooklyn Nets",72,2981,6688,877,2505,1250,1625,766,2541,3307,1630,554,379,919,1521,8089
2020,"San Antonio Spurs",71,3004,6402,931,2493,1238,1594,665,2551,3216,1825,486,308,937,1424,8177
2020,"Houston Rockets",72,3045,6589,880,2522,1299,1706,803,2645,3448,1819,578,354,1163,1515,8269
2020,"Phoenix Suns",73,3011,6378,848,2335,1408,1787,664,2497,3161,1723,576,401,1139,1653,8278
2020,"Memphis Grizzlies",73,2964,6592,942,2580,1430,1828,756,2519,3275,1814,585,386,1080,1474,8300
2020,"Dallas Mavericks",75,3143,6868,919,2615,1200,1578,782,2625,3407,1794,525,311,896,1601,8405
2020,"New Orleans Pelicans",72,3077,6611,880,2438,1400,1775,727,2501,3228,1763,615,348,1045,1519,8434
2020,"Washington Wizards",72,3104,6363,896,2386,1470,1890,753,2572,3325,1814,541,363,1163,1601,8574
2020,"Portland Trail Blazers",74,3090,6781,1003,2619,1410,1828,852,2617,3469,1840,502,364,953,1488,8593
2021,"New York Knicks",72,2730,6209,864,2565,1216,1598,695,2478,3173,1696,472,391,918,1286,7540
2021,"Los Angeles Lakers",72,2862,6221,818,2321,1144,1475,634,2392,3026,1776,593,327,1095,1530,7686
2021,"Utah Jazz",72,2943,6581,783,2293,1047,1364,706,2362,3068,1604,554,282,827,1365,7716
2021,"Los Angeles Clippers",72,2887,6223,833,2341,1157,1489,659,2307,2966,1650,510,304,925,1303,7764
2021,"Miami Heat",72,2815,6137,1027,2814,1122,1435,684,2404,3088,1857,541,287,1085,1414,7779
2021,"Philadelphia 76ers",72,2835,6259,857,2378,1253,1640,702,2388,3090,1694,521,335,1122,1509,7780
2021,"Phoenix Suns",72,2916,6248,836,2359,1213,1560,674,2401,3075,1652,498,258,981,1294,7881
2021,"Denver Nuggets",72,2883,6149,934,2570,1229,1589,652,2314,2966,1864,540,325,1014,1379,7929
2021,"Dallas Mavericks",72,2885,6269,925,2537,1238,1621,704,2460,3164,1631,527,264,908,1446,7933
2021,"Detroit Pistons",72,2980,6260,817,2260,1221,1607,717,2475,3192,1785,578,419,1004,1469,7998
2021,"Boston Celtics",72,2875,6191,925,2473,1329,1692,677,2382,3059,1732,531,334,1015,1389,8004
2021,"Atlanta Hawks",72,2971,6418,858,2460,1219,1519,719,2352,3071,1754,557,363,886,1422,8019
2021,"Charlotte Hornets",72,2972,6346,1042,2847,1034,1387,766,2487,3253,1951,582,347,1062,1340,8020
2021,"Chicago Bulls",72,2983,6313,829,2328,1238,1600,624,2410,3034,1737,614,364,917,1277,8033
2021,"Toronto Raptors",72,2809,6099,1001,2641,1426,1785,720,2582,3302,1872,477,402,1161,1405,8045
2021,"Memphis Grizzlies",72,2953,6387,926,2526,1251,1588,704,2515,3219,1827,552,377,1068,1318,8083
2021,"Cleveland Cavaliers",72,3024,6245,893,2334,1143,1468,712,2437,3149,1828,613,425,1033,1451,8084
2021,"Golden State Warriors",72,2897,6408,891,2481,1426,1834,769,2635,3404,1711,567,312,1083,1406,8111
2021,"San Antonio Spurs",72,3055,6469,885,2350,1128,1489,732,2681,3413,1784,454,369,949,1338,8123
2021,"Orlando Magic",72,3039,6456,987,2649,1093,1390,704,2706,3410,1874,548,384,917,1342,8158
2021,"Brooklyn Nets",72,3017,6573,951,2607,1228,1584,753,2348,3101,1729,550,330,908,1361,8213
2021,"Milwaukee Bucks",72,3052,6688,1068,2778,1053,1350,693,2435,3128,1804,507,348,947,1320,8225
2021,"Portland Trail Blazers",72,3007,6355,928,2494,1289,1638,710,2558,3268,1794,440,333,892,1374,8231
2021,"New Orleans Pelicans",72,3016,6431,1043,2745,1197,1516,644,2366,3010,1866,555,426,961,1534,8272
2021,"Indiana Pacers",72,3076,6576,828,2265,1325,1695,813,2555,3368,1877,535,380,1066,1306,8305
2021,"Oklahoma City Thunder",72,3123,6603,978,2688,1102,1426,729,2663,3392,1856,647,378,942,1336,8326
2021,"Houston Rockets",72,3075,6411,966,2532,1286,1642,713,2713,3426,1855,611,378,1055,1388,8402
2021,"Sacramento Kings",72,3139,6438,893,2349,1283,1631,767,2489,3256,1823,545,336,988,1348,8454
2021,"Minnesota Timberwolves",72,3098,6426,945,2412,1332,1695,718,2579,3297,1932,550,398,1102,1432,8473
2021,"Washington Wizards",72,3103,6594,896,2425,1428,1828,738,2580,3318,1762,587,348,1056,1586,8530
2022,"Boston Celtics",82,3137,7221,969,2860,1324,1692,858,2727,3585,1773,618,376,1133,1592,8567
2022,"Dallas Mavericks",82,3198,7001,895,2635,1296,1689,780,2799,3579,1925,575,300,1073,1645,8587
2022,"Golden State Warriors",82,3111,7098,1000,2948,1426,1880,792,2705,3497,1875,649,317,1189,1474,8648
2022,"Miami Heat",82,3078,6886,1064,3138,1437,1845,783,2634,3417,1908,608,330,1228,1686,8657
2022,"Cleveland Cavaliers",82,3236,7152,960,2721,1233,1592,858,2657,3515,1978,691,380,1101,1638,8665
2022,"New York Knicks",82,3154,7050,1038,3032,1395,1826,766,2812,3578,1982,572,379,1039,1671,8741
2022,"Toronto Raptors",82,3197,6919,1014,2861,1374,1742,847,2764,3611,2076,549,416,1298,1563,8782
2022,"Phoenix Suns",82,3216,7243,953,2805,1416,1861,863,2783,3646,1875,614,327,1206,1553,8801
2022,"Philadelphia 76ers",82,3253,7097,931,2692,1364,1773,838,2784,3622,1932,542,379,1087,1594,8801
2022,"Utah Jazz",82,3314,7318,994,2837,1199,1581,809,2599,3408,1917,636,352,982,1664,8821
2022,"Los Angeles Clippers",82,3343,7432,958,2780,1244,1606,984,2881,3865,1975,631,339,1113,1515,8888
2022,"Memphis Grizzlies",82,3305,7269,987,2828,1417,1837,821,2706,3527,2047,588,496,1235,1625,9014
2022,"New Orleans Pelicans",82,3301,7009,1064,2913,1377,1753,759,2666,3425,2039,605,391,1164,1681,9043
2022,"Denver Nuggets",82,3367,7168,971,2806,1349,1783,795,2680,3475,2082,649,392,1051,1632,9054
2022,"Oklahoma City Thunder",82,3398,7421,1118,3171,1256,1629,906,3060,3966,2142,695,490,1086,1463,9170
2022,"Washington Wizards",82,3384,7287,941,2607,1475,1828,840,2786,3626,1941,598,344,972,1634,9184
2022,"Chicago Bulls",82,3397,7170,960,2620,1430,1799,764,2777,3541,2049,584,410,1071,1489,9184
2022,"Brooklyn Nets",82,3340,7395,1026,2974,1488,1888,926,2690,3616,1954,650,403,1088,1616,9194
2022,"Milwaukee Bucks",82,3391,7431,1186,3328,1227,1634,812,2805,3617,2122,606,357,1070,1612,9195
2022,"Orlando Magic",82,3346,7300,1082,2979,1429,1851,852,3014,3866,2034,655,428,1079,1501,9203
2022,"Atlanta Hawks",82,3435,7294,1051,2888,1294,1634,838,2758,3596,2085,576,367,1046,1668,9215
2022,"Detroit Pistons",82,3333,7051,966,2668,1597,2056,847,2946,3793,2061,606,427,1197,1625,9229
2022,"San Antonio Spurs",82,3482,7475,992,2756,1313,1711,933,2902,3835,1970,601,403,1131,1553,9269
2022,"Minnesota Timberwolves",82,3298,7163,1071,3062,1624,2081,904,2858,3762,2149,593,397,1339,1715,9291
2022,"Charlotte Hornets",82,3444,7388,1148,3170,1385,1815,931,2920,3851,2169,617,377,1229,1609,9421
2022,"Indiana Pacers",82,3485,7212,985,2645,1470,1845,833,2702,3535,2058,664,401,1087,1575,9425
2022,"Portland Trail Blazers",82,3373,7045,1129,3046,1564,2014,800,2868,3668,2184,672,409,1150,1589,9439
2022,"Los Angeles Lakers",82,3491,7424,1032,2935,1428,1911,902,2920,3822,2154,684,338,1152,1647,9442
2022,"Sacramento Kings",82,3561,7429,1065,2864,1306,1682,866,2891,3757,2077,668,395,1106,1665,9493
2022,"Houston Rockets",82,3562,7374,1048,2966,1520,1943,915,2831,3746,2103,776,474,1155,1812,9692
2023,"Cleveland Cavaliers",82,3201,6847,924,2508,1438,1838,801,2580,3381,1888,575,360,1284,1675,8764
2023,"Miami Heat",82,3288,6822,1077,2933,1350,1728,729,2702,3431,2097,571,309,1288,1643,9003
2023,"Philadelphia 76ers",82,3312,7005,952,2735,1518,1943,782,2593,3375,1986,540,380,1171,1607,9094
2023,"Toronto Raptors",82,3312,6752,1001,2676,1508,1893,757,2709,3466,2148,492,376,1367,1604,9133
2023,"Boston Celtics",82,3425,7394,954,2763,1332,1733,799,2810,3609,1895,544,318,1040,1568,9136
2023,"Phoenix Suns",82,3280,7044,938,2628,1651,2101,840,2676,3516,1915,588,327,1183,1629,9149
2023,"Chicago Bulls",82,3339,7142,1086,3042,1406,1806,791,2763,3554,2131,546,389,1234,1537,9170
2023,"Denver Nuggets",82,3423,7166,933,2711,1443,1861,832,2516,3348,2105,646,344,1105,1601,9222
2023,"New Orleans Pelicans",82,3357,7105,1002,2953,1507,1935,792,2634,3426,2044,600,386,1228,1673,9223
2023,"Brooklyn Nets",82,3360,7257,968,2640,1537,2003,943,2758,3701,1916,575,317,1126,1517,9225
2023,"Memphis Grizzlies",82,3340,7365,1065,2998,1519,1931,902,2738,3640,2167,559,427,1240,1644,9264
2023,"Los Angeles Clippers",82,3430,7243,1000,2738,1413,1832,838,2699,3537,2048,640,343,1065,1607,9273
2023,"New York Knicks",82,3343,7229,1068,2992,1520,1943,830,2617,3447,2062,496,370,1044,1694,9274
2023,"Milwaukee Bucks",82,3483,7644,991,2799,1334,1719,879,2744,3623,1963,578,323,970,1557,9291
2023,"Orlando Magic",82,3389,7127,1064,3030,1504,1890,779,2669,3448,2122,634,415,1204,1681,9346
2023,"Dallas Mavericks",82,3425,7065,913,2596,1597,2046,830,2838,3668,2044,522,312,1075,1789,9360
2023,"Washington Wizards",82,3481,7363,984,2688,1432,1794,883,2645,3528,2035,581,406,1008,1590,9378
2023,"Minnesota Timberwolves",82,3428,7277,1007,2728,1634,2133,928,2734,3662,2051,674,336,1262,1654,9497
2023,"Oklahoma City Thunder",82,3437,7252,1059,2955,1611,2090,982,2841,3823,2126,572,454,1375,1675,9544
2023,"Los Angeles Lakers",82,3607,7698,1028,2991,1319,1706,908,2770,3678,2104,624,416,1035,1760,9561
2023,"Golden State Warriors",82,3478,7423,1060,2915,1589,2067,880,2673,3553,2110,646,326,1172,1510,9605
2023,"Charlotte Hornets",82,3522,7391,1004,2812,1562,1965,895,2892,3787,2127,573,471,1177,1667,9610
2023,"Portland Trail Blazers",82,3522,7176,1029,2717,1555,1977,857,2686,3543,2214,640,352,1108,1679,9628
2023,"Utah Jazz",82,3555,7515,1023,2830,1544,1989,919,2644,3563,2047,639,405,1030,1679,9677
2023,"Sacramento Kings",82,3589,7288,1022,2740,1481,1882,795,2665,3460,2187,598,341,1165,1711,9681
2023,"Atlanta Hawks",82,3592,7398,979,2748,1524,1899,866,2751,3617,2131,616,414,1162,1612,9687
2023,"Detroit Pistons",82,3533,7222,984,2732,1669,2149,901,2767,3668,2112,631,453,1108,1718,9719
2023,"Houston Rockets",82,3480,7226,1189,3183,1576,1986,861,2543,3404,2143,718,509,1079,1692,9725
2023,"Indiana Pacers",82,3549,7323,1019,2733,1679,2100,993,2721,3714,2163,650,438,1235,1660,9796
2023,"San Antonio Spurs",82,3780,7460,1036,2651,1496,1942,877,2811,3688,2198,665,431,1135,1516,10092
2024,"Minnesota Timberwolves",82,3198,7114,937,2645,1402,1794,843,2555,3398,2008,616,371,1166,1630,8735
2024,"New York Knicks",82,3304,7026,1028,2813,1237,1620,839,2492,3331,2098,552,431,1082,1565,8873
2024,"Miami Heat",82,3297,7056,1064,3018,1230,1577,757,2750,3507,2173,543,388,1126,1550,8888
2024,"Orlando Magic",82,3264,6884,945,2636,1419,1819,731,2537,3268,1958,666,379,1234,1710,8892
2024,"Boston Celtics",82,3403,7515,1059,3008,1092,1422,907,2645,3552,2042,510,304,986,1416,8957
2024,"Denver Nuggets",82,3332,7210,919,2587,1404,1819,894,2573,3467,2108,578,394,1014,1467,8987
2024,"Cleveland Cavaliers",82,3323,7176,1029,2773,1363,1724,823,2676,3499,2071,632,411,1115,1536,9038
2024,"New Orleans Pelicans",82,3317,7155,1109,3176,1331,1699,826,2644,3470,2196,536,424,1168,1507,9074
2024,"Philadelphia 76ers",82,3322,7098,979,2765,1524,1926,903,2742,3645,2143,506,503,1201,1519,9147
2024,"Los Angeles Clippers",82,3413,7288,1054,2902,1332,1718,909,2551,3460,2165,597,384,1069,1537,9212
2024,"Oklahoma City Thunder",82,3328,7322,1101,3052,1482,1878,968,2695,3663,2207,582,419,1287,1548,9239
2024,"Memphis Grizzlies",82,3381,7128,1098,2905,1391,1785,874,2867,3741,2179,668,536,1239,1539,9251
2024,"Phoenix Suns",82,3444,7428,1074,2949,1319,1705,898,2490,3388,2155,685,372,1043,1612,9281
2024,"Houston Rockets",82,3344,7226,1012,2904,1583,2065,878,2803,3681,1997,597,482,1132,1609,9283
2024,"Brooklyn Nets",82,3410,7255,1066,2865,1401,1736,843,2788,3631,2088,563,409,1035,1496,9287
2024,"Chicago Bulls",82,3370,7131,1196,3235,1388,1789,829,2729,3558,2287,555,404,1147,1538,9324
2024,"Sacramento Kings",82,3414,7114,1074,2775,1513,1892,747,2740,3487,2208,606,370,1139,1504,9415
2024,"Golden State Warriors",82,3453,7415,1088,3030,1449,1840,892,2627,3519,2187,633,407,1067,1471,9443
2024,"Portland Trail Blazers",82,3485,7104,957,2730,1535,1938,868,2726,3594,2225,729,528,1173,1467,9462
2024,"Dallas Mavericks",82,3522,7413,1075,2921,1364,1772,896,2800,3696,2258,603,331,1127,1667,9483
2024,"Milwaukee Bucks",82,3543,7537,1032,2897,1423,1764,843,2765,3608,2169,580,347,986,1576,9541
2024,"Charlotte Hornets",82,3555,7191,1118,2965,1352,1699,867,2853,3720,2356,582,396,1117,1432,9580
2024,"Los Angeles Lakers",82,3643,7687,1170,3109,1174,1476,893,2719,3612,2316,673,390,1100,1619,9630
2024,"San Antonio Spurs",82,3684,7570,1040,2791,1316,1679,860,2857,3717,2296,733,380,1098,1470,9724
2024,"Toronto Raptors",82,3669,7476,1120,2979,1283,1627,919,2785,3704,2346,595,474,1137,1487,9741
2024,"Detroit Pistons",82,3578,7301,991,2682,1610,2013,791,2745,3536,2216,727,490,1019,1457,9757
2024,"Indiana Pacers",82,3653,7361,877,2404,1677,2130,901,2654,3555,2020,543,440,1142,1501,9860
2024,"Atlanta Hawks",82,3659,7394,1147,2987,1417,1790,870,2758,3628,2314,638,461,1158,1594,9882
2024,"Utah Jazz",82,3654,7509,1213,3070,1364,1768,900,2564,3464,2442,704,528,1009,1577,9885
2024,"Washington Wizards",82,3777,7618,1007,2782,1528,1966,993,3020,4013,2382,655,496,1152,1473,10089
2025,"Orlando Magic",82,3125,6680,938,2571,1467,1916,751,2703,3454,1870,635,361,1329,1666,8655
2025,"Boston Celtics",82,3302,7331,1055,3041,1128,1451,878,2704,3582,1968,567,295,1048,1438,8787
2025,"Oklahoma City Thunder",82,3109,7130,1104,3225,1504,1942,952,2727,3679,2018,549,392,1396,1485,8826
2025,"Los Angeles Clippers",82,3240,7032,1064,3038,1330,1723,798,2605,3403,2105,723,352,1233,1458,8874
2025,"Minnesota Timberwolves",82,3319,7213,1040,2949,1284,1674,906,2611,3517,2032,687,368,1205,1571,8962
2025,"Houston Rockets",82,3322,7244,1010,2833,1348,1776,867,2589,3456,1926,651,467,1175,1577,9002
2025,"Miami Heat",82,3383,7262,1118,3109,1139,1468,880,2783,3663,2176,618,382,1133,1390,9023
2025,"Golden State Warriors",82,3316,7126,1080,2976,1348,1752,869,2744,3613,2120,621,441,1291,1523,9060
2025,"New York Knicks",82,3411,7192,1072,2924,1264,1603,893,2538,3431,2069,575,406,1189,1554,9158
2025,"Los Angeles Lakers",82,3392,7319,1112,3124,1302,1680,919,2609,3528,2236,673,344,1121,1576,9198
2025,"Brooklyn Nets",82,3317,6909,1059,2928,1509,1936,829,2754,3583,2219,660,457,1228,1550,9202
2025,"Cleveland Cavaliers",82,3382,7454,1104,3075,1349,1732,947,2624,3571,2101,641,361,1189,1553,9217
2025,"Milwaukee Bucks",82,3414,7473,1140,3232,1301,1661,900,2812,3712,2166,602,315,1055,1552,9269
2025,"Detroit Pistons",82,3326,7210,1119,3054,1544,1989,863,2618,3481,2035,728,413,1235,1551,9315
2025,"Portland Trail Blazers",82,3410,7238,1042,2884,1475,1846,978,2650,3628,2147,781,453,1271,1582,9337
2025,"Charlotte Hornets",82,3409,7293,1163,3277,1384,1752,927,2783,3710,2196,718,435,1089,1488,9365
2025,"Indiana Pacers",82,3493,7372,1058,2978,1397,1807,918,2775,3693,2131,588,366,1230,1541,9441
2025,"Toronto Raptors",82,3377,7242,1079,3093,1610,2070,940,2750,3690,2124,752,484,1238,1484,9443
2025,"Sacramento Kings",82,3409,7196,1193,3131,1440,1838,819,2653,3472,2212,649,350,1140,1515,9451
2025,"Dallas Mavericks",82,3531,7521,1054,2904,1346,1728,996,2719,3715,2220,664,375,1086,1532,9462
2025,"Philadelphia 76ers",82,3475,7118,1167,3084,1382,1741,946,2787,3733,2317,610,420,1311,1530,9499
2025,"Phoenix Suns",82,3493,7386,1163,3145,1414,1790,945,2678,3623,2235,696,329,1001,1509,9563
2025,"San Antonio Spurs",82,3595,7587,1177,3226,1201,1520,992,2794,3786,2296,664,356,1121,1428,9568
2025,"Memphis Grizzlies",82,3435,7529,1162,3230,1550,2013,945,2625,3570,2217,710,450,1242,1653,9582
2025,"Denver Nuggets",82,3554,7629,1156,3170,1319,1697,963,2518,3481,2379,717,420,1062,1562,9583
2025,"New Orleans Pelicans",82,3585,7419,1199,3289,1410,1794,972,2778,3750,2349,739,428,1148,1471,9779
2025,"Atlanta Hawks",82,3562,7398,1169,3098,1491,1858,845,2735,3580,2315,755,403,1315,1563,9784
2025,"Chicago Bulls",82,3642,7791,1118,3250,1386,1764,899,2878,3777,2370,663,417,1032,1374,9788
2025,"Washington Wizards",82,3583,7611,1170,3213,1540,1941,1059,2949,4008,2334,746,428,1093,1490,9876
2025,"Utah Jazz",82,3655,7622,1219,3403,1412,1850,957,2670,3627,2429,802,527,968,1580,9941
2026,"Boston Celtics",82,3145,7115,1149,3208,1348,1740,890,2489,3379,2029,505,339,1018,1508,8787
2026,"Oklahoma City Thunder",82,3170,7247,1176,3189,1330,1798,973,2732,3705,2046,622,358,1372,1670,8846
2026,"Detroit Pistons",82,3096,6988,1040,3015,1756,2228,924,2400,3324,1925,727,476,1385,1745,8988
2026,"Houston Rockets",82,3320,7217,1014,2892,1367,1809,928,2309,3237,2011,738,385,1102,1640,9021
2026,"New York Knicks",82,3223,7014,1138,3145,1446,1859,819,2505,3324,2050,596,355,1180,1595,9030
2026,"Phoenix Suns",82,3296,7011,998,2876,1522,1938,967,2614,3581,2058,649,366,1333,1547,9112
2026,"Charlotte Hornets",82,3364,7207,1051,2924,1338,1671,835,2386,3221,2126,672,364,1041,1627,9117
2026,"San Antonio Spurs",82,3366,7469,1066,3028,1347,1705,856,2635,3491,2148,628,374,1064,1659,9145
2026,"Toronto Raptors",82,3289,7047,1029,2945,1561,1968,898,2619,3517,2006,641,411,1318,1622,9168
2026,"Los Angeles Clippers",82,3365,7177,1089,2988,1417,1781,946,2529,3475,2144,693,377,1174,1646,9236
2026,"Los Angeles Lakers",82,3485,7221,1050,2982,1376,1737,893,2467,3360,2250,731,283,1198,1721,9396
2026,"Minnesota Timberwolves",82,3395,7352,990,2786,1621,2076,964,2623,3587,2136,683,337,1232,1677,9401
2026,"Orlando Magic",82,3421,7191,993,2813,1604,2053,858,2694,3552,2071,675,441,1221,1792,9439
2026,"Golden State Warriors",82,3474,7240,1060,2942,1436,1790,944,2684,3628,2220,722,342,1304,1524,9444
2026,"Cleveland Cavaliers",82,3387,7303,1163,3127,1527,1922,923,2616,3539,2208,708,354,1233,1684,9464
2026,"Portland Trail Blazers",82,3446,7323,1027,2869,1574,1992,982,2540,3522,2162,888,469,1280,1804,9493
2026,"Brooklyn Nets",82,3457,6949,1027,2696,1564,2018,834,2739,3573,2254,750,436,1189,1595,9505
2026,"Atlanta Hawks",82,3473,7334,1056,2973,1514,1906,914,2796,3710,2185,695,402,1317,1515,9516
2026,"Philadelphia 76ers",82,3430,7348,1097,3108,1560,1987,991,2723,3714,2260,597,420,1265,1634,9517
2026,"Milwaukee Bucks",82,3407,7198,1216,3241,1551,1975,910,2736,3646,2284,712,340,1071,1443,9581
2026,"Denver Nuggets",82,3503,7481,1119,3208,1463,1898,922,2590,3512,2254,642,380,966,1760,9588
2026,"Miami Heat",82,3550,7629,1146,3196,1474,1834,949,2855,3804,2254,647,402,1233,1668,9720
2026,"Dallas Mavericks",82,3676,7695,1050,2996,1408,1828,980,2855,3835,2325,721,432,1096,1723,9810
2026,"New Orleans Pelicans",82,3589,7519,1164,3323,1500,1939,1040,2715,3755,2307,656,475,1187,1659,9842
2026,"Indiana Pacers",82,3630,7424,993,2794,1621,2096,921,2905,3826,2168,668,390,1106,1633,9874
2026,"Memphis Grizzlies",82,3615,7458,1151,3162,1515,1954,1044,2792,3836,2314,724,434,1272,1599,9896
2026,"Sacramento Kings",82,3605,7294,1134,2991,1578,2001,911,2692,3603,2297,717,386,1147,1502,9922
2026,"Chicago Bulls",82,3676,7687,1153,3133,1459,1884,925,2824,3749,2358,747,457,1063,1545,9964
2026,"Washington Wizards",82,3682,7543,1123,3048,1753,2200,1077,2842,3919,2413,798,445,1131,1465,10240
2026,"Utah Jazz",82,3692,7478,1255,3372,1694,2181,971,2778,3749,2519,761,477,1197,1668,10333